Group No,Group Name,Name,Sub Name,Repeater Call Sign,Gateway Call Sign,Frequency,Dup,Offset,Mode,Tone,Repeater Tone,RPT1USE,Position,Latitude,Longitude,UTC Offset
1,UK_DStar_VHF_Rpt,ABERDEEN,SCOT-DsRp,GB7GD  C,GB7GD  G,145.6875,DUP-,0.6000,DV,TONE,1.0Hz,YES,Approximate,57.2,-2.1,0:00
1,UK_DStar_VHF_Rpt,ACCRINGTON,NOR-DsRp,GB3RF ,GB3RF ,145.7750,DUP-,0.6000,DV,TONE,82.5Hz,YES,Approximate,53.7,-2.4,0:00
1,UK_DStar_VHF_Rpt,AIRDRIE,SCOT-DsRp,GB7DA  C,GB7DA  G,145.7750,DUP-,0.6000,DV,TONE,1.0Hz,YES,Approximate,55.9,-4.0,0:00
1,UK_DStar_VHF_Rpt,ALFRETON,MIDL-DsRp,GB3IN ,GB3IN ,145.6375,DUP-,0.6000,DV,TONE,71.9Hz,YES,Approximate,53.1,-1.5,0:00
1,UK_DStar_VHF_Rpt,ATTLEBOURGH,SE-DsRp,GB7NM  C,GB7NM  G,145.7375,DUP-,0.6000,DV,TONE,0.0Hz,YES,Approximate,52.5,1.0,0:00
1,UK_DStar_VHF_Rpt,BARNSLEY,NOR-DsRp,GB7NA  C,GB7NA  G,145.6750,DUP-,0.6000,DV,TONE,0.0Hz,YES,Approximate,53.6,-1.4,0:00
1,UK_DStar_VHF_Rpt,BARNSLEY,NOR-DsRp,GB3NA ,GB3NA ,145.6125,DUP-,0.6000,DV,TONE,71.9Hz,YES,Approximate,53.6,-1.4,0:00
1,UK_DStar_VHF_Rpt,BECKENHAM,SE-DsRp,GB7OK  C,GB7OK  G,145.7125,DUP-,0.6000,DV,TONE,3.0Hz,YES,Approximate,51.4,0.0,0:00
1,UK_DStar_VHF_Rpt,CARRICKFERGUS,NI-DsRp,GB7NI  C,GB7NI  G,145.7500,DUP-,0.6000,DV,TONE,1.0Hz,YES,Approximate,54.8,-5.8,0:00
1,UK_DStar_VHF_Rpt,CHIPPENHAM,SW-DsRp,GB7SW  C,GB7SW  G,145.6375,DUP-,0.6000,DV,TONE,2.0Hz,YES,Approximate,51.5,-2.2,0:00
1,UK_DStar_VHF_Rpt,CLACTON ON SEA,SE-DsRp,GB7TE  C,GB7TE  G,145.7750,DUP-,0.6000,DV,TONE,0.0Hz,YES,Approximate,51.8,1.2,0:00
1,UK_DStar_VHF_Rpt,COWBRIDGE,WM-DsRp,GB7RB  C,GB7RB  G,145.6750,DUP-,0.6000,DV,TONE,0.0Hz,YES,Approximate,51.5,-3.4,0:00
1,UK_DStar_VHF_Rpt,DUNS,SCOT-DsRp,GB3DU ,GB3DU ,145.7625,DUP-,0.6000,DV,TONE,1.0Hz,YES,Approximate,55.8,-2.4,0:00
1,UK_DStar_VHF_Rpt,DURHAM,NOR-DsRp,GB7PB  C,GB7PB  G,145.6625,DUP-,0.6000,DV,TONE,0.0Hz,YES,Approximate,54.7,-1.5,0:00
1,UK_DStar_VHF_Rpt,FAREHAM,SW-DsRp,GB7RN  C,GB7RN  G,145.6375,DUP-,0.6000,DV,TONE,0.0Hz,YES,Approximate,50.8,-1.2,0:00
1,UK_DStar_VHF_Rpt,GRIMSBY,MIDL-DsRp,GB7WA  C,GB7WA  G,145.6875,DUP-,0.6000,DV,TONE,2.0Hz,YES,Approximate,53.5,-0.1,0:00
1,UK_DStar_VHF_Rpt,HAWICK,SCOT-DsRp,GB3AI ,GB3AI ,145.7375,DUP-,0.6000,DV,TONE,3.0Hz,YES,Approximate,55.4,-2.7,0:00
1,UK_DStar_VHF_Rpt,HERNE BAY,SE-DsRp,GB3KI ,GB3KI ,145.6625,DUP-,0.6000,DV,TONE,103.5Hz,YES,Approximate,51.4,1.1,0:00
1,UK_DStar_VHF_Rpt,HERNE BAY,SE-DsRp,GB7IC  C,GB7IC  G,145.6625,DUP-,0.6000,DV,TONE,0.0Hz,YES,Approximate,51.4,1.1,0:00
1,UK_DStar_VHF_Rpt,HIGHER POYNTON,NOR-DsRp,GB7AM  C,GB7AM  G,145.6625,DUP-,0.6000,DV,TONE,0.0Hz,YES,Approximate,53.3,-2.1,0:00
1,UK_DStar_VHF_Rpt,HULL,NOR-DsRp,GB3HS ,GB3HS ,145.6500,DUP-,0.6000,DV,TONE,88.5Hz,YES,Approximate,53.8,-0.6,0:00
1,UK_DStar_VHF_Rpt,LIVINGSTON,SCOT-DsRp,GB7LV  C,GB7LV  G,145.6125,DUP-,0.6000,DV,TONE,1.0Hz,YES,Approximate,55.9,-3.5,0:00
1,UK_DStar_VHF_Rpt,LOCHMADDY,SCOT-DsRp,GB3EI ,GB3EI ,145.6125,DUP-,0.6000,DV,TONE,88.5Hz,YES,Approximate,57.6,-7.3,0:00
1,UK_DStar_VHF_Rpt,MAENCLOCHOG,WM-DsRp,GB7PD  C,GB7PD  G,145.7375,DUP-,0.6000,DV,TONE,94.8Hz,YES,Approximate,51.9,-4.8,0:00
1,UK_DStar_VHF_Rpt,MANCHESTER,NOR-DsRp,GB3MI ,GB3MI ,145.7125,DUP-,0.6000,DV,TONE,82.5Hz,YES,Approximate,53.5,-2.2,0:00
1,UK_DStar_VHF_Rpt,MARKFIELD,MIDL-DsRp,GB3CF ,GB3CF ,145.6000,DUP-,0.6000,DV,TONE,77.0Hz,YES,Approximate,52.7,-1.3,0:00
1,UK_DStar_VHF_Rpt,NEWHAVEN,SE-DsRp,GB3EB ,GB3EB ,145.7875,DUP-,0.6000,DV,TONE,88.5Hz,YES,Approximate,50.8,0.4,0:00
1,UK_DStar_VHF_Rpt,SHEFFIELD,NOR-DsRp,GB7SF  C,GB7SF  G,145.7375,DUP-,0.6000,DV,TONE,0.0Hz,YES,Approximate,53.4,-1.4,0:00
1,UK_DStar_VHF_Rpt,SOUTHAMPTON,SW-DsRp,GB7IV  C,GB7IV  G,145.7750,DUP-,0.6000,DV,TONE,0.0Hz,YES,Approximate,50.9,-1.3,0:00
1,UK_DStar_VHF_Rpt,SOUTHPORT,NOR-DsRp,GB3OA ,GB3OA ,145.6125,DUP-,0.6000,DV,TONE,82.5Hz,YES,Approximate,53.6,-3.0,0:00
1,UK_DStar_VHF_Rpt,STOKE ON TRENT,MIDL-DsRp,GB3VT ,GB3VT ,145.7250,DUP-,0.6000,DV,TONE,103.5Hz,YES,Approximate,53.0,-2.1,0:00
1,UK_DStar_VHF_Rpt,WASHINGTON,NOR-DsRp,GB3UK ,GB3UK ,145.6125,DUP-,0.6000,DV,TONE,10.0Hz,YES,Approximate,54.9,-1.5,0:00
1,UK_DStar_VHF_Rpt,WESTON-SUPER-MAR,SW-DsRp,GB3WE ,GB3WE ,145.6875,DUP-,0.6000,DV,TONE,94.8Hz,YES,Approximate,51.3,-3.0,0:00
1,UK_DStar_VHF_Rpt,WHITBY,NOR-DsRp,GB7RW  C,GB7RW  G,145.6000,DUP-,0.6000,DV,TONE,88.5Hz,YES,Approximate,54.4,-0.6,0:00
1,UK_DStar_UHF_Rpt,AIRDRIE,SCOT-DsRp,GB7GG  B,GB7GG  G,439.6250,DUP-,9.0000,DV,TONE,1.0Hz,YES,Approximate,55.9,-4.0,0:00
1,UK_DStar_UHF_Rpt,ALFORD,MIDL-DsRp,GB7JM  B,GB7JM  G,439.5875,DUP-,9.0000,DV,TONE,3.0Hz,YES,Approximate,53.3,0.1,0:00
1,UK_DStar_UHF_Rpt,AMERSHAM,SW-DsRp,GB7AU  B,GB7AU  G,439.7000,DUP-,9.0000,DV,TONE,0.0Hz,YES,Approximate,51.7,-0.6,0:00
1,UK_DStar_UHF_Rpt,ASHINGTON,NOR-DsRp,GB7NE  B,GB7NE  G,439.4500,DUP-,9.0000,DV,TONE,3.0Hz,YES,Approximate,55.2,-1.5,0:00
1,UK_DStar_UHF_Rpt,ASHTON-U-LYNE,NOR-DsRp,GB3KU ,GB3KU ,433.0750,DUP+,1.6000,DV,TONE,82.5Hz,YES,Approximate,53.5,-2.1,0:00
1,UK_DStar_UHF_Rpt,BALLYCASTLE,NI-DsRp,GB7KK  B,GB7KK  G,430.9250,DUP+,7.6000,DV,TONE,1.0Hz,YES,Approximate,55.2,-6.2,0:00
1,UK_DStar_UHF_Rpt,BANFF,SCOT-DsRp,GB7BB  B,GB7BB  G,439.7125,DUP-,9.0000,DV,TONE,1.0Hz,YES,Approximate,57.7,-2.6,0:00
1,UK_DStar_UHF_Rpt,BARNSLEY,NOR-DsRp,GB7NA  B,GB7NA  G,439.4500,DUP-,9.0000,DV,TONE,0.0Hz,YES,Approximate,53.6,-1.4,0:00
1,UK_DStar_UHF_Rpt,BECCLES,SE-DsRp,GB7BE  B,GB7BE  G,439.6625,DUP-,9.0000,DV,TONE,0.0Hz,YES,Approximate,52.4,1.6,0:00
1,UK_DStar_UHF_Rpt,BELFAST,NI-DsRp,GB7RK  B,GB7RK  G,439.4375,DUP-,9.0000,DV,TONE,3.0Hz,YES,Approximate,54.6,-6.0,0:00
1,UK_DStar_UHF_Rpt,BESSBROOK,NI-DsRp,GB7NY  B,GB7NY  G,439.6875,DUP-,9.0000,DV,TONE,1.0Hz,YES,Approximate,54.2,-6.4,0:00
1,UK_DStar_UHF_Rpt,BEWDLEY,WM-DsRp,GB7WF  B,GB7WF  G,439.4875,DUP-,9.0000,DV,TONE,13.0Hz,YES,Approximate,52.4,-2.3,0:00
1,UK_DStar_UHF_Rpt,BIRMINGHAM,MIDL-DsRp,GB7BM  B,GB7BM  G,439.4000,DUP-,9.0000,DV,TONE,3.0Hz,YES,Approximate,52.5,-1.9,0:00
1,UK_DStar_UHF_Rpt,BLACKPOOL,NOR-DsRp,GB7BF  B,GB7BF  G,430.3000,DUP+,9.0000,DV,TONE,5.0Hz,YES,Approximate,53.9,-3.0,0:00
1,UK_DStar_UHF_Rpt,BOGNOR REGIS,SE-DsRp,GB7BN  B,GB7BN  G,439.5875,DUP-,9.0000,DV,TONE,3.0Hz,YES,Approximate,50.8,-0.7,0:00
1,UK_DStar_UHF_Rpt,BOURNE,MIDL-DsRp,GB7KU  B,GB7KU  G,439.5250,DUP-,9.0000,DV,TONE,5.0Hz,YES,Approximate,52.8,-0.4,0:00
1,UK_DStar_UHF_Rpt,BOZEAT,MIDL-DsRp,GB7BZ  B,GB7BZ  G,439.4125,DUP-,9.0000,DV,TONE,0.0Hz,YES,Approximate,52.2,-0.7,0:00
1,UK_DStar_UHF_Rpt,BRIGHTON,SE-DsRp,GB7BH  B,GB7BH  G,439.5750,DUP-,9.0000,DV,TONE,4.0Hz,YES,Approximate,50.8,-0.1,0:00
1,UK_DStar_UHF_Rpt,BRIGHTON,SE-DsRp,GB7BC  B,GB7BC  G,439.6500,DUP-,9.0000,DV,TONE,3.0Hz,YES,Approximate,50.8,-0.1,0:00
1,UK_DStar_UHF_Rpt,BRISTOL,SW-DsRp,GB7AD  B,GB7AD  G,439.7625,DUP-,9.0000,DV,TONE,0.0Hz,YES,Approximate,51.6,-2.5,0:00
1,UK_DStar_UHF_Rpt,CARDIFF,WM-DsRp,GB7CD  B,GB7CD  G,439.7000,DUP-,9.0000,DV,TONE,0.0Hz,YES,Approximate,51.5,-3.2,0:00
1,UK_DStar_UHF_Rpt,CARRICKFERGUS,NI-DsRp,GB7MW  B,GB7MW  G,439.4875,DUP-,9.0000,DV,TONE,15.0Hz,YES,Approximate,54.8,-5.8,0:00
1,UK_DStar_UHF_Rpt,CHELMSFORD,SE-DsRp,GB7ZP  B,GB7ZP  G,439.4875,DUP-,9.0000,DV,TONE,0.0Hz,YES,Approximate,51.8,0.5,0:00
1,UK_DStar_UHF_Rpt,CHELTENHAM,SW-DsRp,GB7RC  B,GB7RC  G,430.2625,DUP+,9.0000,DV,TONE,0.0Hz,YES,Approximate,51.9,-2.0,0:00
1,UK_DStar_UHF_Rpt,CHIRK,WM-DsRp,GB7RJ  B,GB7RJ  G,439.5375,DUP-,9.0000,DV,TONE,5.0Hz,YES,Approximate,52.9,-3.0,0:00
1,UK_DStar_UHF_Rpt,COLERAINE,NI-DsRp,GB7CX  B,GB7CX  G,430.8625,DUP+,7.6000,DV,TONE,12.0Hz,YES,Approximate,55.1,-6.7,0:00
1,UK_DStar_UHF_Rpt,COMBER,NI-DsRp,GB7KP  B,GB7KP  G,439.5750,DUP-,9.0000,DV,TONE,1.0Hz,YES,Approximate,54.5,-5.7,0:00
1,UK_DStar_UHF_Rpt,DERBY,MIDL-DsRp,GB7DC  B,GB7DC  G,430.8750,DUP+,7.6000,DV,TONE,71.9Hz,YES,Approximate,52.9,-1.4,0:00
1,UK_DStar_UHF_Rpt,DUFTON,NOR-DsRp,GB3VE ,GB3VE ,433.1000,DUP+,1.6000,DV,TONE,77.0Hz,YES,Approximate,54.7,-2.5,0:00
1,UK_DStar_UHF_Rpt,DUNGIVEN,NI-DsRp,GB7DN  B,GB7DN  G,439.4125,DUP-,9.0000,DV,TONE,0.0Hz,YES,Approximate,54.9,-7.0,0:00
1,UK_DStar_UHF_Rpt,EAST GRINSTEAD,SE-DsRp,GB7MH  B,GB7MH  G,439.6375,DUP-,9.0000,DV,TONE,2.0Hz,YES,Approximate,51.1,-0.1,0:00
1,UK_DStar_UHF_Rpt,EASTBOURNE,SE-DsRp,GB7ES  B,GB7ES  G,439.4375,DUP-,9.0000,DV,TONE,0.0Hz,YES,Approximate,50.8,0.3,0:00
1,UK_DStar_UHF_Rpt,EDINBURGH,SCOT-DsRp,GB7KN  B,GB7KN  G,439.4375,DUP-,9.0000,DV,TONE,1.0Hz,YES,Approximate,55.9,-3.4,0:00
1,UK_DStar_UHF_Rpt,EDINBURGH,SCOT-DsRp,GB3ED ,GB3ED ,433.3500,DUP+,1.6000,DV,TONE,94.8Hz,YES,Approximate,55.9,-3.2,0:00
1,UK_DStar_UHF_Rpt,EXETER,SW-DsRp,GB7NL  B,GB7NL  G,439.4625,DUP-,9.0000,DV,TONE,0.0Hz,YES,Approximate,50.7,-3.5,0:00
1,UK_DStar_UHF_Rpt,FAREHAM,SW-DsRp,GB7CO  B,GB7CO  G,439.4875,DUP-,9.0000,DV,TONE,3.0Hz,YES,Approximate,50.8,-1.2,0:00
1,UK_DStar_UHF_Rpt,FOLKESTONE,SE-DsRp,GB7FK  B,GB7FK  G,439.6750,DUP-,9.0000,DV,TONE,0.0Hz,YES,Approximate,51.1,1.2,0:00
1,UK_DStar_UHF_Rpt,FORFAR,SCOT-DsRp,GB7AG  B,GB7AG  G,430.9000,DUP+,7.6000,DV,TONE,94.8Hz,YES,Approximate,56.7,-2.9,0:00
1,UK_DStar_UHF_Rpt,GALASHIELS,SCOT-DsRp,GB7LS  B,GB7LS  G,439.4000,DUP-,9.0000,DV,TONE,0.0Hz,YES,Approximate,55.6,-2.9,0:00
1,UK_DStar_UHF_Rpt,GLENROTHES,SCOT-DsRp,GB7XG  B,GB7XG  G,430.8750,DUP+,7.6000,DV,TONE,1.0Hz,YES,Approximate,56.2,-3.2,0:00
1,UK_DStar_UHF_Rpt,GOSPORT,SW-DsRp,GB7SO  B,GB7SO  G,439.5250,DUP-,9.0000,DV,TONE,1.0Hz,YES,Approximate,50.8,-1.1,0:00
1,UK_DStar_UHF_Rpt,GRANTHAM,MIDL-DsRp,GB7GR  B,GB7GR  G,439.4500,DUP-,9.0000,DV,TONE,5.0Hz,YES,Approximate,52.9,-0.7,0:00
1,UK_DStar_UHF_Rpt,GREAT MALVERN,MIDL-DsRp,GB7WR  B,GB7WR  G,439.4625,DUP-,9.0000,DV,TONE,0.0Hz,YES,Approximate,52.1,-2.3,0:00
1,UK_DStar_UHF_Rpt,GRIMSBY,MIDL-DsRp,GB7GC  B,GB7GC  G,439.4375,DUP-,9.0000,DV,TONE,2.0Hz,YES,Approximate,53.6,-0.1,0:00
1,UK_DStar_UHF_Rpt,HASTINGS,SE-DsRp,GB7HE  B,GB7HE  G,439.5375,DUP-,9.0000,DV,TONE,0.0Hz,YES,Approximate,50.9,0.6,0:00
1,UK_DStar_UHF_Rpt,HERNE BAY,SE-DsRp,GB7IC  B,GB7IC  G,439.4500,DUP-,9.0000,DV,TONE,0.0Hz,YES,Approximate,51.4,1.1,0:00
1,UK_DStar_UHF_Rpt,HEXHAM,NOR-DsRp,GB7TY  B,GB7TY  G,439.6125,DUP-,9.0000,DV,TONE,10.0Hz,YES,Approximate,55.0,-2.0,0:00
1,UK_DStar_UHF_Rpt,HUCKNALL,MIDL-DsRp,GB7NV  B,GB7NV  G,430.8250,DUP+,7.6000,DV,TONE,1.0Hz,YES,Approximate,53.1,-1.2,0:00
1,UK_DStar_UHF_Rpt,HUDDERSFIELD,NOR-DsRp,GB7HX  B,GB7HX  G,439.5750,DUP-,9.0000,DV,TONE,1.0Hz,YES,Approximate,53.6,-1.9,0:00
1,UK_DStar_UHF_Rpt,IPSWICH,SE-DsRp,GB7PP  B,GB7PP  G,439.4375,DUP-,9.0000,DV,TONE,1.0Hz,YES,Approximate,52.3,1.1,0:00
1,UK_DStar_UHF_Rpt,ISLE OF SOUTH UI,SCOT-DsRp,GB3IS ,GB3IS ,430.8875,DUP+,7.6000,DV,TONE,94.8Hz,YES,Approximate,57.1,-7.3,0:00
1,UK_DStar_UHF_Rpt,JEDBURGH,SCOT-DsRp,GB7JD  B,GB7JD  G,439.4125,DUP-,9.0000,DV,TONE,1.0Hz,YES,Approximate,55.5,-2.6,0:00
1,UK_DStar_UHF_Rpt,KILMARNOCK,SCOT-DsRp,GB7AY  B,GB7AY  G,439.4500,DUP-,9.0000,DV,TONE,1.0Hz,YES,Approximate,55.7,-4.4,0:00
1,UK_DStar_UHF_Rpt,KIRKCALDY,SCOT-DsRp,GB7KY  B,GB7KY  G,439.6500,DUP-,9.0000,DV,TONE,1.0Hz,YES,Approximate,56.1,-3.2,0:00
1,UK_DStar_UHF_Rpt,LANCASTER,NOR-DsRp,GB7LF  B,GB7LF  G,439.5375,DUP-,9.0000,DV,TONE,0.0Hz,YES,Approximate,54.0,-2.8,0:00
1,UK_DStar_UHF_Rpt,LINLITHGOW,SCOT-DsRp,GB3OH ,GB3OH ,430.9500,DUP+,7.6000,DV,TONE,94.8Hz,YES,Approximate,56.0,-3.6,0:00
1,UK_DStar_UHF_Rpt,LISBURN,NI-DsRp,GB7HI  B,GB7HI  G,439.7375,DUP-,9.0000,DV,TONE,1.0Hz,YES,Approximate,54.5,-6.1,0:00
1,UK_DStar_UHF_Rpt,LOCHMADDY,SCOT-DsRp,GB7EI  B,GB7EI  G,430.8500,DUP+,7.6000,DV,TONE,88.5Hz,YES,Approximate,57.6,-7.3,0:00
1,UK_DStar_UHF_Rpt,LONGRIDGE,NOR-DsRp,GB7RL  B,GB7RL  G,439.7750,DUP-,9.0000,DV,TONE,10.0Hz,YES,Approximate,53.8,-2.6,0:00
1,UK_DStar_UHF_Rpt,MAGHERAFELT,NI-DsRp,GB7MF  B,GB7MF  G,439.6750,DUP-,9.0000,DV,TONE,3.0Hz,YES,Approximate,54.7,-6.6,0:00
1,UK_DStar_UHF_Rpt,MARLBOROUGH,SW-DsRp,GB7AE  B,GB7AE  G,439.4250,DUP-,9.0000,DV,TONE,3.0Hz,YES,Approximate,51.4,-1.8,0:00
1,UK_DStar_UHF_Rpt,MILTON KEYNES,SW-DsRp,GB7BP  B,GB7BP  G,439.4500,DUP-,9.0000,DV,TONE,0.0Hz,YES,Approximate,52.0,-0.7,0:00
1,UK_DStar_UHF_Rpt,MONIFIETH,SCOT-DsRp,GB7DM  B,GB7DM  G,439.7500,DUP-,9.0000,DV,TONE,1.0Hz,YES,Approximate,56.5,-2.8,0:00
1,UK_DStar_UHF_Rpt,NAIRN,SCOT-DsRp,GB7MM  B,GB7MM  G,439.7500,DUP-,9.0000,DV,TONE,5.0Hz,YES,Approximate,57.6,-3.9,0:00
1,UK_DStar_UHF_Rpt,NESTON,NOR-DsRp,GB7RA  B,GB7RA  G,439.6500,DUP-,9.0000,DV,TONE,5.0Hz,YES,Approximate,53.3,-3.1,0:00
1,UK_DStar_UHF_Rpt,NEW ASH GREEN,SE-DsRp,GB7AR  B,GB7AR  G,439.5250,DUP-,9.0000,DV,TONE,15.0Hz,YES,Approximate,51.4,0.3,0:00
1,UK_DStar_UHF_Rpt,NORTHAMPTON,MIDL-DsRp,GB7JF  B,GB7JF  G,439.6375,DUP-,9.0000,DV,TONE,0.0Hz,YES,Approximate,52.2,-0.9,0:00
1,UK_DStar_UHF_Rpt,NORTHWICH,NOR-DsRp,GB7DH  B,GB7DH  G,439.5875,DUP-,9.0000,DV,TONE,0.0Hz,YES,Approximate,53.2,-2.5,0:00
1,UK_DStar_UHF_Rpt,NORWICH,SE-DsRp,GB7DS  B,GB7DS  G,439.4250,DUP-,9.0000,DV,TONE,1.0Hz,YES,Approximate,52.7,1.3,0:00
1,UK_DStar_UHF_Rpt,NORWICH,SE-DsRp,GB7NB  B,GB7NB  G,439.6875,DUP-,9.0000,DV,TONE,0.0Hz,YES,Approximate,52.6,1.3,0:00
1,UK_DStar_UHF_Rpt,NOTTINGHAM,MIDL-DsRp,GB7NR  B,GB7NR  G,439.4375,DUP-,9.0000,DV,TONE,1.0Hz,YES,Approximate,53.0,-1.1,0:00
1,UK_DStar_UHF_Rpt,NOTTINGHAM,MIDL-DsRp,GB3NU ,GB3NU ,439.3250,DUP-,9.0000,DV,TONE,71.9Hz,YES,Approximate,53.0,-1.1,0:00
1,UK_DStar_UHF_Rpt,OMAGH,NI-DsRp,GB7WT  B,GB7WT  G,439.6000,DUP-,9.0000,DV,TONE,1.0Hz,YES,Approximate,54.7,-7.4,0:00
1,UK_DStar_UHF_Rpt,PLYMOUTH,SW-DsRp,GB3IE ,GB3IE ,430.8500,DUP+,7.6000,DV,TONE,77.0Hz,YES,Approximate,50.4,-4.1,0:00
1,UK_DStar_UHF_Rpt,ROMFORD,SE-DsRp,GB7HH  B,GB7HH  G,439.7500,DUP-,9.0000,DV,TONE,3.0Hz,YES,Approximate,51.6,0.2,0:00
1,UK_DStar_UHF_Rpt,ROYSTON,SE-DsRp,GB7PT  B,GB7PT  G,439.7125,DUP-,9.0000,DV,TONE,0.0Hz,YES,Approximate,52.0,-0.0,0:00
1,UK_DStar_UHF_Rpt,ROYSTON,SE-DsRp,GB7PX  B,GB7PX  G,439.7750,DUP-,9.0000,DV,TONE,10.0Hz,YES,Approximate,52.0,-0.0,0:00
1,UK_DStar_UHF_Rpt,ROYSTON,SE-DsRp,GB7PI  B,GB7PI  G,439.7625,DUP-,9.0000,DV,TONE,0.0Hz,YES,Approximate,52.0,-0.0,0:00
1,UK_DStar_UHF_Rpt,SELKIRK,SCOT-DsRp,GB7EY  B,GB7EY  G,439.5125,DUP-,9.0000,DV,TONE,1.0Hz,YES,Approximate,55.5,-2.8,0:00
1,UK_DStar_UHF_Rpt,SHIPLEY,NOR-DsRp,GB7TP  B,GB7TP  G,439.6875,DUP-,9.0000,DV,TONE,1.0Hz,YES,Approximate,53.8,-1.8,0:00
1,UK_DStar_UHF_Rpt,SKEGNESS,MIDL-DsRp,GB7DL  B,GB7DL  G,439.6750,DUP-,9.0000,DV,TONE,0.0Hz,YES,Approximate,53.2,0.3,0:00
1,UK_DStar_UHF_Rpt,SOUTH CAVE,NOR-DsRp,GB7HU  B,GB7HU  G,439.4875,DUP-,9.0000,DV,TONE,0.0Hz,YES,Approximate,53.8,-0.6,0:00
1,UK_DStar_UHF_Rpt,ST AUSTELL,SW-DsRp,GB7MC  B,GB7MC  G,439.5375,DUP-,9.0000,DV,TONE,0.0Hz,YES,Approximate,50.4,-4.9,0:00
1,UK_DStar_UHF_Rpt,ST HELIER,SW-DsRp,GB7JI  B,GB7JI  G,430.8500,DUP+,7.6000,DV,TONE,2.0Hz,YES,Approximate,49.2,-2.1,0:00
1,UK_DStar_UHF_Rpt,ST MONANS,SCOT-DsRp,GB7SM  B,GB7SM  G,439.5875,DUP-,9.0000,DV,TONE,1.0Hz,YES,Approximate,56.2,-2.8,0:00
1,UK_DStar_UHF_Rpt,ST. HELENS,NOR-DsRp,GB7DV  B,GB7DV  G,439.6125,DUP-,9.0000,DV,TONE,0.0Hz,YES,Approximate,53.4,-2.8,0:00
1,UK_DStar_UHF_Rpt,STAINES UPON THA,SE-DsRp,GB3ML ,GB3ML ,430.9125,DUP+,7.6000,DV,TONE,3.0Hz,YES,Approximate,51.4,-0.5,0:00
1,UK_DStar_UHF_Rpt,STIRLING,SCOT-DsRp,GB7FE  B,GB7FE  G,439.4750,DUP-,9.0000,DV,TONE,1.0Hz,YES,Approximate,56.1,-3.8,0:00
1,UK_DStar_UHF_Rpt,STRANRAER,SCOT-DsRp,GB7DK  B,GB7DK  G,439.6500,DUP-,9.0000,DV,TONE,0.0Hz,YES,Approximate,54.9,-5.0,0:00
1,UK_DStar_UHF_Rpt,TARVIN,NOR-DsRp,GB7WX  B,GB7WX  G,439.5125,DUP-,9.0000,DV,TONE,3.0Hz,YES,Approximate,53.2,-2.8,0:00
1,UK_DStar_UHF_Rpt,TENBURY WELLS,WM-DsRp,GB7VO  B,GB7VO  G,439.7000,DUP-,9.0000,DV,TONE,1.0Hz,YES,Approximate,52.4,-2.6,0:00
1,UK_DStar_UHF_Rpt,WAKEFIELD,NOR-DsRp,GB7WY  B,GB7WY  G,439.5125,DUP-,9.0000,DV,TONE,0.0Hz,YES,Approximate,53.7,-1.5,0:00
1,UK_DStar_UHF_Rpt,WARRINGTON,NOR-DsRp,GB7WC  B,GB7WC  G,439.4875,DUP-,9.0000,DV,TONE,0.0Hz,YES,Approximate,53.3,-2.6,0:00
1,UK_DStar_UHF_Rpt,WASHINGTON,NOR-DsRp,GB7GW  B,GB7GW  G,430.8125,DUP+,7.6000,DV,TONE,10.0Hz,YES,Approximate,54.9,-1.5,0:00
1,UK_DStar_UHF_Rpt,WESTON-SUPER-MAR,SW-DsRp,GB7WB  B,GB7WB  G,439.4875,DUP-,9.0000,DV,TONE,2.0Hz,YES,Approximate,51.3,-3.0,0:00
1,UK_DStar_UHF_Rpt,WITHERNSEA,NOR-DsRp,GB3SO ,GB3SO ,433.0000,DUP+,1.6000,DV,TONE,71.9Hz,YES,Approximate,53.7,0.0,0:00
1,UK_DStar_UHF_Rpt,WOKING,SE-DsRp,GB7WK  B,GB7WK  G,439.5125,DUP-,9.0000,DV,TONE,15.0Hz,YES,Approximate,51.3,-0.6,0:00
1,UK_DStar_UHF_Rpt,WORTHING,SE-DsRp,GB7CQ  B,GB7CQ  G,439.6125,DUP-,9.0000,DV,TONE,4.0Hz,YES,Approximate,50.8,-0.4,0:00
1,UK_DStar_UHF_Rpt,WYTHALL,MIDL-DsRp,GB3WL ,GB3WL ,430.9500,DUP+,7.6000,DV,TONE,67.0Hz,YES,Approximate,52.4,-1.9,0:00
1,UK_FM_VHF_Rpt,ACCRINGTON,NOR-DsRp,GB3RF ,GB3RF ,145.7750,DUP-,0.6000,FM-N,TSQL,82.5Hz,YES,Approximate,53.7,-2.4,0:00
1,UK_FM_VHF_Rpt,ALFRETON,MIDL-DsRp,GB3IN ,GB3IN ,145.6375,DUP-,0.6000,FM-N,TSQL,71.9Hz,YES,Approximate,53.1,-1.5,0:00
1,UK_FM_VHF_Rpt,ALTON HANTS,SW-AnaRp,GB3SN ,,145.7250,DUP-,0.6000,FM-N,TSQL,71.9Hz,YES,Approximate,51.1,-1.0,0:00
1,UK_FM_VHF_Rpt,AMERSHAM,SW-AnaRp,GB3AL ,,145.7375,DUP-,0.6000,FM-N,TSQL,77.0Hz,YES,Approximate,51.7,-0.6,0:00
1,UK_FM_VHF_Rpt,BALLYCASTLE,NI-AnaRp,GB3PK ,,145.6625,DUP-,0.6000,FM-N,TSQL,110.9Hz,YES,Approximate,55.2,-6.2,0:00
1,UK_FM_VHF_Rpt,BANCHORY,SCOT-AnaRp,GB3GN ,,145.7750,DUP-,0.6000,FM-N,TSQL,67.0Hz,YES,Approximate,57.0,-2.4,0:00
1,UK_FM_VHF_Rpt,BARNSLEY,NOR-DsRp,GB3NA ,GB3NA ,145.6125,DUP-,0.6000,FM-N,TSQL,71.9Hz,YES,Approximate,53.6,-1.4,0:00
1,UK_FM_VHF_Rpt,BEDFORD,MIDL-AnaRp,GB3BF ,,145.7875,DUP-,0.6000,FM-N,TSQL,77.0Hz,YES,Approximate,52.1,-0.5,0:00
1,UK_FM_VHF_Rpt,BELFAST  N.I.,NI-AnaRp,GB3NI ,,145.7250,DUP-,0.6000,FM-N,TSQL,110.9Hz,YES,Approximate,54.6,-5.8,0:00
1,UK_FM_VHF_Rpt,BERWICK ON TWEED,SCOT-AnaRp,GB3BT ,,145.7000,DUP-,0.6000,FM-N,TSQL,118.8Hz,YES,Approximate,55.8,-2.1,0:00
1,UK_FM_VHF_Rpt,BIGBURY,SW-AnaRp,GB3PL ,,145.7625,DUP-,0.6000,FM-N,TSQL,77.0Hz,YES,Approximate,50.3,-3.9,0:00
1,UK_FM_VHF_Rpt,BLANDFORD,SW-AnaRp,GB7CM  C,,145.7000,DUP-,0.6000,FM-N,TSQL,71.9Hz,YES,Approximate,50.9,-2.1,0:00
1,UK_FM_VHF_Rpt,BRECON,WM-AnaRp,GB3BB ,,145.7000,DUP-,0.6000,FM-N,TSQL,94.8Hz,YES,Approximate,52.0,-3.5,0:00
1,UK_FM_VHF_Rpt,BRILL,SW-AnaRp,GB3VA ,,145.7000,DUP-,0.6000,FM-N,TSQL,118.8Hz,YES,Approximate,51.8,-1.0,0:00
1,UK_FM_VHF_Rpt,BRISTOL,SW-AnaRp,GB3AA ,,145.6625,DUP-,0.6000,FM-N,TSQL,94.8Hz,YES,Approximate,51.6,-2.5,0:00
1,UK_FM_VHF_Rpt,BUXTON,MIDL-AnaRp,GB3HH ,,145.7000,DUP-,0.6000,FM-N,TSQL,71.9Hz,YES,Approximate,53.2,-1.9,0:00
1,UK_FM_VHF_Rpt,CAERNARFON,WM-AnaRp,GB3AR ,,145.7000,DUP-,0.6000,FM-N,TSQL,110.9Hz,YES,Approximate,53.1,-4.2,0:00
1,UK_FM_VHF_Rpt,CARMARTHEN,WM-AnaRp,GB3FG ,,145.7125,DUP-,0.6000,FM-N,TSQL,94.8Hz,YES,Approximate,52.0,-4.3,0:00
1,UK_FM_VHF_Rpt,CHEDDAR,SW-AnaRp,GB3WR ,,145.6000,DUP-,0.6000,FM-N,TSQL,94.8Hz,YES,Approximate,51.3,-2.7,0:00
1,UK_FM_VHF_Rpt,COLD ASHBY,MIDL-AnaRp,GB3EM ,,145.7625,DUP-,0.6000,FM-N,TSQL,77.0Hz,YES,Approximate,52.4,-1.1,0:00
1,UK_FM_VHF_Rpt,CORBRIDGE,NOR-AnaRp,GB3HA ,,145.7500,DUP-,0.6000,FM-N,TSQL,118.8Hz,YES,Approximate,55.0,-2.0,0:00
1,UK_FM_VHF_Rpt,CORBY,MIDL-AnaRp,GB3CO ,,145.6625,DUP-,0.6000,FM-N,TSQL,77.0Hz,YES,Approximate,52.5,-0.7,0:00
1,UK_FM_VHF_Rpt,CRAWLEY SUSSEX,SE-AnaRp,GB3WS ,,145.7500,DUP-,0.6000,FM-N,TSQL,88.5Hz,YES,Approximate,51.1,-0.2,0:00
1,UK_FM_VHF_Rpt,CROOK,NOR-AnaRp,GB3CD ,,145.6875,DUP-,0.6000,FM-N,TSQL,118.8Hz,YES,Approximate,54.7,-1.7,0:00
1,UK_FM_VHF_Rpt,CWMBRAN,WM-AnaRp,GB3YA ,,145.7125,DUP-,0.6000,FM-N,TSQL,94.8Hz,YES,Approximate,51.6,-3.1,0:00
1,UK_FM_VHF_Rpt,DALRY,SCOT-AnaRp,GB3AY ,,145.6500,DUP-,0.6000,FM-N,TSQL,103.5Hz,YES,Approximate,55.7,-4.8,0:00
1,UK_FM_VHF_Rpt,DANBURY,SE-AnaRp,GB3DA ,,145.7250,DUP-,0.6000,FM-N,TSQL,110.9Hz,YES,Approximate,51.7,0.6,0:00
1,UK_FM_VHF_Rpt,DERBY,MIDL-AnaRp,GB3DC ,,145.6875,DUP-,0.6000,FM-N,TSQL,71.9Hz,YES,Approximate,52.9,-1.4,0:00
1,UK_FM_VHF_Rpt,DISLEY,NOR-AnaRp,GB3MN ,,145.6500,DUP-,0.6000,FM-N,TSQL,82.5Hz,YES,Approximate,53.3,-2.0,0:00
1,UK_FM_VHF_Rpt,DOVER,SE-AnaRp,GB3KS ,,145.6250,DUP-,0.6000,FM-N,TSQL,103.5Hz,YES,Approximate,51.1,1.3,0:00
1,UK_FM_VHF_Rpt,DUDLEY,MIDL-AnaRp,GB3BM ,,145.7125,DUP-,0.6000,FM-N,TSQL,67.0Hz,YES,Approximate,52.5,-2.0,0:00
1,UK_FM_VHF_Rpt,DUFTON,NOR-AnaRp,GB3EV ,,145.7000,DUP-,0.6000,FM-N,TSQL,77.0Hz,YES,Approximate,54.7,-2.5,0:00
1,UK_FM_VHF_Rpt,DUNS,SCOT-DsRp,GB3DU ,GB3DU ,145.7625,DUP-,0.6000,FM-N,TSQL,1.0Hz,YES,Approximate,55.8,-2.4,0:00
1,UK_FM_VHF_Rpt,EAST GRINSTEAD,SE-AnaRp,GB3MH ,,145.6250,DUP-,0.6000,FM-N,TSQL,88.5Hz,YES,Approximate,51.1,-0.1,0:00
1,UK_FM_VHF_Rpt,ELGIN MORAY,SCOT-AnaRp,GB3SS ,,145.6000,DUP-,0.6000,FM-N,TSQL,67.0Hz,YES,Approximate,57.6,-3.0,0:00
1,UK_FM_VHF_Rpt,EXETER,SW-AnaRp,GB7ER  C,,145.7750,DUP-,0.6000,FM-N,TSQL,77.0Hz,YES,Approximate,50.7,-3.5,0:00
1,UK_FM_VHF_Rpt,EXETER,SW-AnaRp,GB3EW ,,145.6125,DUP-,0.6000,FM-N,TSQL,77.0Hz,YES,Approximate,50.8,-3.5,0:00
1,UK_FM_VHF_Rpt,FERMANAGH,NI-AnaRp,GB3CP ,,145.7375,DUP-,0.6000,FM-N,TSQL,110.9Hz,YES,Approximate,54.3,-7.3,0:00
1,UK_FM_VHF_Rpt,FILEY,NOR-AnaRp,GB3YC ,,145.7500,DUP-,0.6000,FM-N,TSQL,88.5Hz,YES,Approximate,54.2,-0.4,0:00
1,UK_FM_VHF_Rpt,FOLKESTONE,SE-AnaRp,GB3FK ,,145.7500,DUP-,0.6000,FM-N,TSQL,103.5Hz,YES,Approximate,51.1,1.2,0:00
1,UK_FM_VHF_Rpt,FORFAR,SCOT-AnaRp,GB3AG ,,145.7250,DUP-,0.6000,FM-N,TSQL,94.8Hz,YES,Approximate,56.6,-2.8,0:00
1,UK_FM_VHF_Rpt,FRASERBURGH,SCOT-AnaRp,GB3NG ,,145.6250,DUP-,0.6000,FM-N,TSQL,67.0Hz,YES,Approximate,57.6,-2.0,0:00
1,UK_FM_VHF_Rpt,FRINTON ON SEA,SE-AnaRp,GB3TE ,,145.6125,DUP-,0.6000,FM-N,TSQL,67.0Hz,YES,Approximate,51.9,1.2,0:00
1,UK_FM_VHF_Rpt,GATESHEAD,NOR-AnaRp,GB3TW ,,145.7250,DUP-,0.6000,FM-N,TSQL,118.8Hz,YES,Approximate,55.0,-1.6,0:00
1,UK_FM_VHF_Rpt,GLASGOW,SCOT-AnaRp,GB3KE ,,145.6875,DUP-,0.6000,FM-N,TSQL,103.5Hz,YES,Approximate,55.9,-4.3,0:00
1,UK_FM_VHF_Rpt,GLOUCESTER,SW-AnaRp,GB3CG ,,145.7250,DUP-,0.6000,FM-N,TSQL,118.8Hz,YES,Approximate,51.9,-2.2,0:00
1,UK_FM_VHF_Rpt,HARLECH,WM-AnaRp,GB3DW ,,145.6625,DUP-,0.6000,FM-N,TSQL,110.9Hz,YES,Approximate,52.8,-4.1,0:00
1,UK_FM_VHF_Rpt,HASTINGS,SE-AnaRp,GB3ES ,,145.6750,DUP-,0.6000,FM-N,TSQL,103.5Hz,YES,Approximate,50.9,0.6,0:00
1,UK_FM_VHF_Rpt,HAWICK,SCOT-DsRp,GB3AI ,GB3AI ,145.7375,DUP-,0.6000,FM-N,TSQL,3.0Hz,YES,Approximate,55.4,-2.7,0:00
1,UK_FM_VHF_Rpt,HELSTON,SW-AnaRp,GB3SI ,,145.6250,DUP-,0.6000,FM-N,TSQL,0.0Hz,YES,Approximate,50.1,-5.2,0:00
1,UK_FM_VHF_Rpt,HEREFORD,WM-AnaRp,GB3ZA ,,145.7375,DUP-,0.6000,FM-N,TSQL,118.8Hz,YES,Approximate,52.1,-2.7,0:00
1,UK_FM_VHF_Rpt,HERNE BAY,SE-DsRp,GB7IC  C,GB7IC  G,145.6625,DUP-,0.6000,FM-N,TSQL,0.0Hz,YES,Approximate,51.4,1.1,0:00
1,UK_FM_VHF_Rpt,HERNE BAY,SE-DsRp,GB3KI ,GB3KI ,145.6625,DUP-,0.6000,FM-N,TSQL,103.5Hz,YES,Approximate,51.4,1.1,0:00
1,UK_FM_VHF_Rpt,HULL,NOR-DsRp,GB3HS ,GB3HS ,145.6500,DUP-,0.6000,FM-N,TSQL,88.5Hz,YES,Approximate,53.8,-0.6,0:00
1,UK_FM_VHF_Rpt,IPSWICH,SE-AnaRp,GB3PO ,,145.6500,DUP-,0.6000,FM-N,TSQL,110.9Hz,YES,Approximate,52.1,1.2,0:00
1,UK_FM_VHF_Rpt,ISLE OF MULL,SCOT-AnaRp,GB3HI ,,145.7000,DUP-,0.6000,FM-N,TSQL,103.5Hz,YES,Approximate,56.5,-5.7,0:00
1,UK_FM_VHF_Rpt,IVYBRIDGE,SW-AnaRp,GB3WD ,,145.7000,DUP-,0.6000,FM-N,TSQL,77.0Hz,YES,Approximate,50.4,-3.9,0:00
1,UK_FM_VHF_Rpt,KINGS LYNN,SE-AnaRp,GB3KY ,,145.7125,DUP-,0.6000,FM-N,TSQL,94.8Hz,YES,Approximate,52.8,0.5,0:00
1,UK_FM_VHF_Rpt,KIRKWALL,SCOT-AnaRp,GB3OC ,,145.6500,DUP-,0.6000,FM-N,TSQL,77.0Hz,YES,Approximate,59.0,-3.0,0:00
1,UK_FM_VHF_Rpt,LANCASTER,NOR-AnaRp,GB3LD ,,145.6750,DUP-,0.6000,FM-N,TSQL,110.9Hz,YES,Approximate,54.0,-2.8,0:00
1,UK_FM_VHF_Rpt,LANGHOLM,SCOT-AnaRp,GB3AS ,,145.6000,DUP-,0.6000,FM-N,TSQL,77.0Hz,YES,Approximate,55.1,-2.9,0:00
1,UK_FM_VHF_Rpt,LAPFORD,SW-AnaRp,GB3LZ ,,145.6625,DUP-,0.6000,FM-N,TSQL,77.0Hz,YES,Approximate,50.9,-3.8,0:00
1,UK_FM_VHF_Rpt,LAUDER,SCOT-AnaRp,GB3LB ,,145.7875,DUP-,0.6000,FM-N,TSQL,118.8Hz,YES,Approximate,55.8,-2.9,0:00
1,UK_FM_VHF_Rpt,LEAMINGTON SPA,MIDL-AnaRp,GB3WK ,,145.7750,DUP-,0.6000,FM-N,TSQL,67.0Hz,YES,Approximate,52.3,-1.5,0:00
1,UK_FM_VHF_Rpt,LERWICK,SCOT-AnaRp,GB3LU ,,145.6750,DUP-,0.6000,FM-N,TSQL,77.0Hz,YES,Approximate,60.1,-1.2,0:00
1,UK_FM_VHF_Rpt,LIMAVADY,NI-AnaRp,GB3LY ,,145.6000,DUP-,0.6000,FM-N,TSQL,110.9Hz,YES,Approximate,55.1,-6.9,0:00
1,UK_FM_VHF_Rpt,LINCOLN,MIDL-AnaRp,GB3LM ,,145.7250,DUP-,0.6000,FM-N,TSQL,71.9Hz,YES,Approximate,53.2,-0.5,0:00
1,UK_FM_VHF_Rpt,LISKEARD,SW-AnaRp,GB3JL ,,145.7875,DUP-,0.6000,FM-N,TSQL,77.0Hz,YES,Approximate,50.5,-4.4,0:00
1,UK_FM_VHF_Rpt,LIVINGSTON,SCOT-DsRp,GB7LV  C,GB7LV  G,145.6125,DUP-,0.6000,FM-N,TSQL,1.0Hz,YES,Approximate,55.9,-3.5,0:00
1,UK_FM_VHF_Rpt,LLANDUDNO,WM-AnaRp,GB3GO ,,145.7875,DUP-,0.6000,FM-N,TSQL,110.9Hz,YES,Approximate,53.3,-3.9,0:00
1,UK_FM_VHF_Rpt,LOCHMADDY,SCOT-DsRp,GB3EI ,GB3EI ,145.6125,DUP-,0.6000,FM-N,TSQL,88.5Hz,YES,Approximate,57.6,-7.3,0:00
1,UK_FM_VHF_Rpt,LONDON,SE-AnaRp,GB3EL ,,145.6000,DUP-,0.6000,FM-N,TSQL,82.5Hz,YES,Approximate,51.5,0.0,0:00
1,UK_FM_VHF_Rpt,MAENCLOCHOG,WM-DsRp,GB7PD  C,GB7PD  G,145.7375,DUP-,0.6000,FM-N,TSQL,94.8Hz,YES,Approximate,51.9,-4.8,0:00
1,UK_FM_VHF_Rpt,MAIDSTONE,SE-AnaRp,GB3KN ,,145.7000,DUP-,0.6000,FM-N,TSQL,103.5Hz,YES,Approximate,51.3,0.6,0:00
1,UK_FM_VHF_Rpt,MANCHESTER,NOR-DsRp,GB3MI ,GB3MI ,145.7125,DUP-,0.6000,FM-N,TSQL,82.5Hz,YES,Approximate,53.5,-2.2,0:00
1,UK_FM_VHF_Rpt,MARKFIELD,MIDL-DsRp,GB3CF ,GB3CF ,145.6000,DUP-,0.6000,FM-N,TSQL,77.0Hz,YES,Approximate,52.7,-1.3,0:00
1,UK_FM_VHF_Rpt,MERE WILTSHIRE,SW-AnaRp,GB3JB ,,145.7875,DUP-,0.6000,FM-N,TSQL,5.0Hz,YES,Approximate,51.1,-2.2,0:00
1,UK_FM_VHF_Rpt,MORDEN,SE-AnaRp,GB3XP ,,145.6875,DUP-,0.6000,FM-N,TSQL,82.5Hz,YES,Approximate,51.4,-0.2,0:00
1,UK_FM_VHF_Rpt,MOTHERWELL,SCOT-AnaRp,GB3CS ,,145.7500,DUP-,0.6000,FM-N,TSQL,103.5Hz,YES,Approximate,55.9,-4.0,0:00
1,UK_FM_VHF_Rpt,MUIR OF ORD,SCOT-AnaRp,GB3BI ,,145.7250,DUP-,0.6000,FM-N,TSQL,67.0Hz,YES,Approximate,57.5,-4.5,0:00
1,UK_FM_VHF_Rpt,NEWBURY,SW-AnaRp,GB3NE ,,145.7625,DUP-,0.6000,FM-N,TSQL,118.8Hz,YES,Approximate,51.4,-1.3,0:00
1,UK_FM_VHF_Rpt,NEWCASTLE EMLYN,WM-AnaRp,GB3CN ,,145.6875,DUP-,0.6000,FM-N,TSQL,94.8Hz,YES,Approximate,52.0,-4.4,0:00
1,UK_FM_VHF_Rpt,NEWHAVEN,SE-DsRp,GB3EB ,GB3EB ,145.7875,DUP-,0.6000,FM-N,TSQL,88.5Hz,YES,Approximate,50.8,0.4,0:00
1,UK_FM_VHF_Rpt,NEWTON STEWART,SCOT-AnaRp,GB3DG ,,145.7750,DUP-,0.6000,FM-N,TSQL,103.5Hz,YES,Approximate,54.9,-4.3,0:00
1,UK_FM_VHF_Rpt,NEWTOWN POWYS,WM-AnaRp,GB3PW ,,145.7750,DUP-,0.6000,FM-N,TSQL,103.5Hz,YES,Approximate,52.5,-3.4,0:00
1,UK_FM_VHF_Rpt,NORTH LONDON,SE-AnaRp,GB3NL ,,145.7750,DUP-,0.6000,FM-N,TSQL,0.0Hz,YES,Approximate,51.7,-0.1,0:00
1,UK_FM_VHF_Rpt,NORTHWICH,NOR-AnaRp,GB3SJ ,,145.6875,DUP-,0.6000,FM-N,TSQL,103.5Hz,YES,Approximate,53.2,-2.5,0:00
1,UK_FM_VHF_Rpt,NORWICH,SE-AnaRp,GB3NB ,,145.6250,DUP-,0.6000,FM-N,TSQL,94.8Hz,YES,Approximate,52.6,1.3,0:00
1,UK_FM_VHF_Rpt,NOTTINGHAM,MIDL-AnaRp,GB3FU ,,145.7500,DUP-,0.6000,FM-N,TSQL,71.9Hz,YES,Approximate,53.0,-1.2,0:00
1,UK_FM_VHF_Rpt,NOTTINGHAM,MIDL-AnaRp,GB3NF ,,145.6250,DUP-,0.6000,FM-N,TSQL,77.0Hz,YES,Approximate,53.0,-1.1,0:00
1,UK_FM_VHF_Rpt,OMAGH,NI-AnaRp,GB3WT ,,145.7750,DUP-,0.6000,FM-N,TSQL,110.9Hz,YES,Approximate,54.7,-7.2,0:00
1,UK_FM_VHF_Rpt,PAISLEY,SCOT-AnaRp,GB3PA ,,145.6250,DUP-,0.6000,FM-N,TSQL,103.5Hz,YES,Approximate,55.9,-4.6,0:00
1,UK_FM_VHF_Rpt,PERTH,SCOT-AnaRp,GB3PR ,,145.6750,DUP-,0.6000,FM-N,TSQL,94.8Hz,YES,Approximate,56.4,-3.5,0:00
1,UK_FM_VHF_Rpt,PETERBOROUGH,SE-AnaRp,GB3PE ,,145.6750,DUP-,0.6000,FM-N,TSQL,94.8Hz,YES,Approximate,52.5,-0.3,0:00
1,UK_FM_VHF_Rpt,PLYMOUTH,SW-AnaRp,GB7IE  C,,145.6750,DUP-,0.6000,FM-N,TSQL,77.0Hz,YES,Approximate,50.4,-4.1,0:00
1,UK_FM_VHF_Rpt,PONTYPRIDD,WM-AnaRp,GB3BC ,,145.7500,DUP-,0.6000,FM-N,TSQL,94.8Hz,YES,Approximate,51.6,-3.3,0:00
1,UK_FM_VHF_Rpt,PORT TALBOT,WM-AnaRp,GB3WW ,,145.7750,DUP-,0.6000,FM-N,TSQL,94.8Hz,YES,Approximate,51.6,-3.8,0:00
1,UK_FM_VHF_Rpt,PRESTATYN,WM-AnaRp,GB3MP ,,145.7500,DUP-,0.6000,FM-N,TSQL,110.9Hz,YES,Approximate,53.3,-3.4,0:00
1,UK_FM_VHF_Rpt,PWLLHELI,WM-AnaRp,GB3PH ,,145.6000,DUP-,0.6000,FM-N,TSQL,88.5Hz,YES,Approximate,53.0,-4.4,0:00
1,UK_FM_VHF_Rpt,READING,SW-AnaRp,GB3RD ,,145.6750,DUP-,0.6000,FM-N,TSQL,118.8Hz,YES,Approximate,51.5,-1.2,0:00
1,UK_FM_VHF_Rpt,RICHMOND YORKS,NOR-AnaRp,GB3IR ,,145.7625,DUP-,0.6000,FM-N,TSQL,88.5Hz,YES,Approximate,54.4,-1.7,0:00
1,UK_FM_VHF_Rpt,ROCHE,SW-AnaRp,GB3NC ,,145.7250,DUP-,0.6000,FM-N,TSQL,77.0Hz,YES,Approximate,50.4,-4.8,0:00
1,UK_FM_VHF_Rpt,ROCHESTER,SE-AnaRp,GB3IK ,,145.7625,DUP-,0.6000,FM-N,TSQL,103.5Hz,YES,Approximate,51.4,0.5,0:00
1,UK_FM_VHF_Rpt,ROYSTON,SE-AnaRp,GB3PI ,,145.7500,DUP-,0.6000,FM-N,TSQL,77.0Hz,YES,Approximate,52.0,-0.0,0:00
1,UK_FM_VHF_Rpt,SANQUHAR,SCOT-AnaRp,GB3LA ,,145.7125,DUP-,0.6000,FM-N,TSQL,103.5Hz,YES,Approximate,55.4,-3.8,0:00
1,UK_FM_VHF_Rpt,SHIPLEY,NOR-AnaRp,GB3TP ,,145.7250,DUP-,0.6000,FM-N,TSQL,82.5Hz,YES,Approximate,53.8,-1.8,0:00
1,UK_FM_VHF_Rpt,SIDMOUTH,SW-AnaRp,GB3SW ,,145.7125,DUP-,0.6000,FM-N,TSQL,77.0Hz,YES,Approximate,50.7,-3.2,0:00
1,UK_FM_VHF_Rpt,SNAEFELL IOM,NOR-AnaRp,GB3GD ,,145.6250,DUP-,0.6000,FM-N,TSQL,110.9Hz,YES,Approximate,54.3,-4.5,0:00
1,UK_FM_VHF_Rpt,SOUTH SHIELDS,NOR-AnaRp,GB3ZN ,,145.6375,DUP-,0.6000,FM-N,TSQL,118.8Hz,YES,Approximate,55.0,-1.4,0:00
1,UK_FM_VHF_Rpt,SOUTHAMPTON,SW-AnaRp,GB3SH ,,145.6625,DUP-,0.6000,FM-N,TSQL,71.9Hz,YES,Approximate,50.9,-1.3,0:00
1,UK_FM_VHF_Rpt,SOUTHPORT,NOR-DsRp,GB3OA ,GB3OA ,145.6125,DUP-,0.6000,FM-N,TSQL,82.5Hz,YES,Approximate,53.6,-3.0,0:00
1,UK_FM_VHF_Rpt,SPILSBY LINCS.,MIDL-AnaRp,GB3FR ,,145.7750,DUP-,0.6000,FM-N,TSQL,71.9Hz,YES,Approximate,53.2,0.0,0:00
1,UK_FM_VHF_Rpt,ST HELIER,SW-AnaRp,GB3GJ ,,145.6375,DUP-,0.6000,FM-N,TSQL,71.9Hz,YES,Approximate,49.2,-2.1,0:00
1,UK_FM_VHF_Rpt,STAFFORD,MIDL-AnaRp,GB3SV ,,145.6125,DUP-,0.6000,FM-N,TSQL,94.8Hz,YES,Approximate,52.8,-2.2,0:00
1,UK_FM_VHF_Rpt,STIBB CROSS,SW-AnaRp,GB3DN ,,145.6375,DUP-,0.6000,FM-N,TSQL,77.0Hz,YES,Approximate,50.9,-4.3,0:00
1,UK_FM_VHF_Rpt,STIRLING,SCOT-AnaRp,GB3FE ,,145.6625,DUP-,0.6000,FM-N,TSQL,103.5Hz,YES,Approximate,56.1,-3.8,0:00
1,UK_FM_VHF_Rpt,STORNOWAY,SCOT-AnaRp,GB3IG ,,145.7750,DUP-,0.6000,FM-N,TSQL,88.5Hz,YES,Approximate,58.2,-6.6,0:00
1,UK_FM_VHF_Rpt,STRANRAER,SCOT-AnaRp,GB7DK  C,,145.6875,DUP-,0.6000,FM-N,TSQL,103.5Hz,YES,Approximate,54.9,-5.0,0:00
1,UK_FM_VHF_Rpt,SWINDON,SW-AnaRp,GB3WH ,,145.6500,DUP-,0.6000,FM-N,TSQL,118.8Hz,YES,Approximate,51.5,-1.7,0:00
1,UK_FM_VHF_Rpt,TAMWORTH,MIDL-AnaRp,GB3TA ,,145.7375,DUP-,0.6000,FM-N,TSQL,67.0Hz,YES,Approximate,52.6,-1.7,0:00
1,UK_FM_VHF_Rpt,TENBURY WELLS,WM-AnaRp,GB3VM ,,145.6125,DUP-,0.6000,FM-N,TSQL,103.5Hz,YES,Approximate,52.4,-2.6,0:00
1,UK_FM_VHF_Rpt,THIRSK,NOR-AnaRp,GB3HG ,,145.6250,DUP-,0.6000,FM-N,TSQL,88.5Hz,YES,Approximate,54.2,-1.2,0:00
1,UK_FM_VHF_Rpt,TORQUAY,SW-AnaRp,GB3TR ,,145.6500,DUP-,0.6000,FM-N,TSQL,94.8Hz,YES,Approximate,50.5,-3.5,0:00
1,UK_FM_VHF_Rpt,UPPER LARGO,SCOT-AnaRp,GB3FF ,,145.6000,DUP-,0.6000,FM-N,TSQL,103.5Hz,YES,Approximate,56.2,-2.9,0:00
1,UK_FM_VHF_Rpt,WAKEFIELD,NOR-AnaRp,GB3YW ,,145.7875,DUP-,0.6000,FM-N,TSQL,82.5Hz,YES,Approximate,53.6,-1.7,0:00
1,UK_FM_VHF_Rpt,WASHINGTON,NOR-DsRp,GB3UK ,GB3UK ,145.6125,DUP-,0.6000,FM-N,TSQL,10.0Hz,YES,Approximate,54.9,-1.5,0:00
1,UK_FM_VHF_Rpt,WESTON-SUPER-MAR,SW-DsRp,GB3WE ,GB3WE ,145.6875,DUP-,0.6000,FM-N,TSQL,94.8Hz,YES,Approximate,51.3,-3.0,0:00
1,UK_FM_VHF_Rpt,WEYMOUTH,SW-AnaRp,GB3DR ,,145.7375,DUP-,0.6000,FM-N,TSQL,0.0Hz,YES,Approximate,50.6,-2.4,0:00
1,UK_FM_VHF_Rpt,WHITBY,NOR-DsRp,GB7RW  C,GB7RW  G,145.6000,DUP-,0.6000,FM-N,TSQL,88.5Hz,YES,Approximate,54.4,-0.6,0:00
1,UK_FM_VHF_Rpt,WICKHAMBROOK,SE-AnaRp,GB3EA ,,145.6875,DUP-,0.6000,FM-N,TSQL,110.9Hz,YES,Approximate,52.2,0.5,0:00
1,UK_FM_VHF_Rpt,WIMBORNE,SW-AnaRp,GB3PB ,,145.6250,DUP-,0.6000,FM-N,TSQL,71.9Hz,YES,Approximate,50.8,-1.9,0:00
1,UK_FM_VHF_Rpt,WOBURN SANDS,SW-AnaRp,GB7CG  C,,145.7125,DUP-,0.6000,FM-N,TSQL,77.0Hz,YES,Approximate,52.0,-0.7,0:00
1,UK_FM_VHF_Rpt,WORCESTER,WM-AnaRp,GB3NW ,,145.6250,DUP-,0.6000,FM-N,TSQL,67.0Hz,YES,Approximate,52.2,-2.2,0:00
1,UK_FM_VHF_Rpt,WORTHING,SE-AnaRp,GB3RW ,,145.6000,DUP-,0.6000,FM-N,TSQL,88.5Hz,YES,Approximate,50.8,-0.4,0:00
1,UK_FM_VHF_Rpt,WREXHAM,WM-AnaRp,GB3VO ,,145.6375,DUP-,0.6000,FM-N,TSQL,110.9Hz,YES,Approximate,53.0,-3.1,0:00
1,UK_FM_VHF_Rpt,WYMONDHAM,SE-AnaRp,GB3NZ ,,145.6000,DUP-,0.6000,FM-N,TSQL,94.8Hz,YES,Approximate,52.6,1.1,0:00
1,UK_FM_UHF_Rpt,ACCRINGTON,NOR-AnaRp,GB3PF ,,433.3000,DUP+,1.6000,FM,TSQL,82.5Hz,YES,Approximate,53.7,-2.4,0:00
1,UK_FM_UHF_Rpt,AMERSHAM,SW-AnaRp,GB3AU ,,433.1750,DUP+,1.6000,FM,TSQL,82.5Hz,YES,Approximate,51.7,-0.6,0:00
1,UK_FM_UHF_Rpt,AMLWCH,WM-AnaRp,GB3AN ,,433.2000,DUP+,1.6000,FM,TSQL,110.9Hz,YES,Approximate,53.4,-4.3,0:00
1,UK_FM_UHF_Rpt,ASGARBY,MIDL-AnaRp,GB3FJ ,,430.9500,DUP+,7.6000,FM,TSQL,71.9Hz,YES,Approximate,53.2,-0.0,0:00
1,UK_FM_UHF_Rpt,ASHTON-U-LYNE,NOR-DsRp,GB3KU ,GB3KU ,433.0750,DUP+,1.6000,FM,TSQL,82.5Hz,YES,Approximate,53.5,-2.1,0:00
1,UK_FM_UHF_Rpt,ATHERTON,NOR-AnaRp,GB3MY ,,433.2750,DUP+,1.6000,FM,TSQL,82.5Hz,YES,Approximate,53.5,-2.5,0:00
1,UK_FM_UHF_Rpt,AXMINSTER,SW-AnaRp,GB3RH ,,433.2750,DUP+,1.6000,FM,TSQL,94.8Hz,YES,Approximate,50.8,-3.0,0:00
1,UK_FM_UHF_Rpt,AYLESBURY,SW-AnaRp,GB3AV ,,433.0500,DUP+,1.6000,FM,TSQL,118.8Hz,YES,Approximate,51.8,-0.8,0:00
1,UK_FM_UHF_Rpt,BALLYCASTLE,NI-AnaRp,GB3KK ,,430.9750,DUP+,7.6000,FM,TSQL,110.9Hz,YES,Approximate,55.2,-6.2,0:00
1,UK_FM_UHF_Rpt,BANBURY,MIDL-AnaRp,GB3EH ,,430.9625,DUP+,7.6000,FM,TSQL,67.0Hz,YES,Approximate,52.1,-1.5,0:00
1,UK_FM_UHF_Rpt,BARNSLEY,NOR-AnaRp,GB3SY ,,433.1500,DUP+,1.6000,FM,TSQL,71.9Hz,YES,Approximate,53.6,-1.7,0:00
1,UK_FM_UHF_Rpt,BASINGSTOKE,SW-AnaRp,GB3BA ,,433.3250,DUP+,1.6000,FM,TSQL,71.9Hz,YES,Approximate,51.2,-1.1,0:00
1,UK_FM_UHF_Rpt,BASTON,MIDL-AnaRp,GB3DP ,,430.8625,DUP+,7.6000,FM,TSQL,88.5Hz,YES,Approximate,52.7,-0.3,0:00
1,UK_FM_UHF_Rpt,BATH AVON,SW-AnaRp,GB3UB ,,433.1000,DUP+,1.6000,FM,TSQL,118.8Hz,YES,Approximate,51.4,-2.3,0:00
1,UK_FM_UHF_Rpt,BEDFORD,MIDL-AnaRp,GB3BL ,,430.8750,DUP+,7.6000,FM,TSQL,77.0Hz,YES,Approximate,52.2,-0.5,0:00
1,UK_FM_UHF_Rpt,BELFAST  N.I.,NI-AnaRp,GB3UL ,,433.0500,DUP+,1.6000,FM,TSQL,110.9Hz,YES,Approximate,54.6,-5.8,0:00
1,UK_FM_UHF_Rpt,BIRMINGHAM,MIDL-AnaRp,GB3CB ,,433.3500,DUP+,1.6000,FM,TSQL,67.0Hz,YES,Approximate,52.5,-1.9,0:00
1,UK_FM_UHF_Rpt,BLACKPOOL,NOR-AnaRp,GB3BY ,,430.9750,DUP+,7.6000,FM,TSQL,82.5Hz,YES,Approximate,53.8,-3.0,0:00
1,UK_FM_UHF_Rpt,BLACKPOOL,NOR-AnaRp,GB3FC ,,430.8500,DUP+,7.6000,FM,TSQL,82.5Hz,YES,Approximate,53.9,-3.0,0:00
1,UK_FM_UHF_Rpt,BLANDFORD,SW-AnaRp,GB3DT ,,433.0000,DUP+,1.6000,FM,TSQL,71.9Hz,YES,Approximate,50.9,-2.1,0:00
1,UK_FM_UHF_Rpt,BOLSOVER,MIDL-AnaRp,GB3RB ,,433.2000,DUP+,1.6000,FM,TSQL,71.9Hz,YES,Approximate,53.2,-1.3,0:00
1,UK_FM_UHF_Rpt,BRACKNELL,SW-AnaRp,GB3BN ,,433.0000,DUP+,1.6000,FM,TSQL,118.8Hz,YES,Approximate,51.4,-0.8,0:00
1,UK_FM_UHF_Rpt,BRAINTREE,SE-AnaRp,GB3BZ ,,430.8500,DUP+,7.6000,FM,TSQL,3.0Hz,YES,Approximate,51.9,0.5,0:00
1,UK_FM_UHF_Rpt,BRISTOL,SW-AnaRp,GB3BS ,,430.8500,DUP+,7.6000,FM,TSQL,118.8Hz,YES,Approximate,51.4,-2.4,0:00
1,UK_FM_UHF_Rpt,BRISTOL,SW-AnaRp,GB3AC ,,430.9750,DUP+,7.6000,FM,TSQL,94.8Hz,YES,Approximate,51.5,-2.6,0:00
1,UK_FM_UHF_Rpt,BRISTOL,SW-AnaRp,GB3ZB ,,430.8250,DUP+,7.6000,FM,TSQL,77.0Hz,YES,Approximate,51.4,-2.6,0:00
1,UK_FM_UHF_Rpt,BROMLEY,SE-AnaRp,GB3BK ,,430.9000,DUP+,7.6000,FM,TSQL,103.5Hz,YES,Approximate,51.4,0.0,0:00
1,UK_FM_UHF_Rpt,BUCKHURST HILL,SE-AnaRp,GB3OY ,,430.9500,DUP+,7.6000,FM,TSQL,82.5Hz,YES,Approximate,51.6,0.0,0:00
1,UK_FM_UHF_Rpt,BURTON-UPON-TREN,MIDL-AnaRp,GB3SC ,,430.8625,DUP+,7.6000,FM,TSQL,67.0Hz,YES,Approximate,52.8,-1.6,0:00
1,UK_FM_UHF_Rpt,CAERGWRLE,WM-AnaRp,GB3CR ,,433.1500,DUP+,1.6000,FM,TSQL,110.9Hz,YES,Approximate,53.1,-3.1,0:00
1,UK_FM_UHF_Rpt,CAMBRIDGE,SE-AnaRp,GB3PY ,,430.9000,DUP+,7.6000,FM,TSQL,77.0Hz,YES,Approximate,52.2,0.0,0:00
1,UK_FM_UHF_Rpt,CANTERBURY,SE-AnaRp,GB3SK ,,433.1500,DUP+,1.6000,FM,TSQL,103.5Hz,YES,Approximate,51.3,1.1,0:00
1,UK_FM_UHF_Rpt,CARLISLE,NOR-AnaRp,GB3CA ,,433.3250,DUP+,1.6000,FM,TSQL,77.0Hz,YES,Approximate,54.8,-2.8,0:00
1,UK_FM_UHF_Rpt,CARMARTHEN,WM-AnaRp,GB3CM ,,430.8625,DUP+,7.6000,FM,TSQL,94.8Hz,YES,Approximate,51.9,-4.2,0:00
1,UK_FM_UHF_Rpt,CARMARTHEN,WM-AnaRp,GB7FG  B,,430.9500,DUP+,7.6000,FM,TSQL,94.8Hz,YES,Approximate,51.9,-4.2,0:00
1,UK_FM_UHF_Rpt,CATERHAM,SE-AnaRp,GB3NS ,,439.6750,DUP-,9.0000,FM,TSQL,82.5Hz,YES,Approximate,51.3,-0.1,0:00
1,UK_FM_UHF_Rpt,CHARING KENT,SE-AnaRp,GB3CK ,,433.0000,DUP+,1.6000,FM,TSQL,103.5Hz,YES,Approximate,51.2,0.8,0:00
1,UK_FM_UHF_Rpt,CHEDDAR,SW-AnaRp,GB3FI ,,430.9250,DUP+,7.6000,FM,TSQL,77.0Hz,YES,Approximate,51.3,-2.8,0:00
1,UK_FM_UHF_Rpt,CHELTENHAM,SW-AnaRp,GB3RC ,,430.8625,DUP+,7.6000,FM,TSQL,103.5Hz,YES,Approximate,51.9,-2.0,0:00
1,UK_FM_UHF_Rpt,CHICHESTER,SE-AnaRp,GB3CC ,,430.9625,DUP+,7.6000,FM,TSQL,88.5Hz,YES,Approximate,50.8,-0.7,0:00
1,UK_FM_UHF_Rpt,CLACTON,SE-AnaRp,GB3CL ,,433.2250,DUP+,1.6000,FM,TSQL,67.0Hz,YES,Approximate,51.8,1.2,0:00
1,UK_FM_UHF_Rpt,CLEETHORPES,MIDL-AnaRp,GB3GY ,,433.2750,DUP+,1.6000,FM,TSQL,88.5Hz,YES,Approximate,53.6,-0.0,0:00
1,UK_FM_UHF_Rpt,COLCHESTER,SE-AnaRp,GB3CE ,,433.3500,DUP+,1.6000,FM,TSQL,67.0Hz,YES,Approximate,51.9,0.9,0:00
1,UK_FM_UHF_Rpt,COLD ASHBY,MIDL-AnaRp,GB3EU ,,438.4375,DUP-,7.6000,FM,TSQL,77.0Hz,YES,Approximate,52.4,-1.1,0:00
1,UK_FM_UHF_Rpt,CONGLETON,NOR-AnaRp,GB7DZ  B,,433.0500,DUP+,1.6000,FM,TSQL,103.5Hz,YES,Approximate,53.1,-2.2,0:00
1,UK_FM_UHF_Rpt,CORBRIDGE,NOR-AnaRp,GB3TJ ,,433.3000,DUP+,1.6000,FM,TSQL,118.8Hz,YES,Approximate,55.0,-2.0,0:00
1,UK_FM_UHF_Rpt,CORBY,MIDL-AnaRp,GB3CI ,,430.8250,DUP+,7.6000,FM,TSQL,77.0Hz,YES,Approximate,52.5,-0.7,0:00
1,UK_FM_UHF_Rpt,COVENTRY,MIDL-AnaRp,GB3CV ,,430.8125,DUP+,7.6000,FM,TSQL,67.0Hz,YES,Approximate,52.4,-1.5,0:00
1,UK_FM_UHF_Rpt,CRAWLEY SUSSEX,SE-AnaRp,GB3NX ,,430.8500,DUP+,7.6000,FM,TSQL,88.5Hz,YES,Approximate,51.1,-0.2,0:00
1,UK_FM_UHF_Rpt,DALRY,SCOT-AnaRp,GB3WA ,,430.8750,DUP+,7.6000,FM,TSQL,103.5Hz,YES,Approximate,55.7,-4.8,0:00
1,UK_FM_UHF_Rpt,DANBURY,SE-AnaRp,GB3ER ,,433.0750,DUP+,1.6000,FM,TSQL,110.9Hz,YES,Approximate,51.7,0.6,0:00
1,UK_FM_UHF_Rpt,DAVENTRY,MIDL-AnaRp,GB3XX ,,430.9125,DUP+,7.6000,FM,TSQL,77.0Hz,YES,Approximate,52.3,-1.2,0:00
1,UK_FM_UHF_Rpt,DERBY,MIDL-DsRp,GB7DC  B,GB7DC  G,430.8750,DUP+,7.6000,FM,TSQL,71.9Hz,YES,Approximate,52.9,-1.4,0:00
1,UK_FM_UHF_Rpt,DERBY,MIDL-AnaRp,GB3DZ ,,430.9875,DUP+,7.6000,FM,TSQL,71.9Hz,YES,Approximate,52.9,-1.4,0:00
1,UK_FM_UHF_Rpt,DERRY/LONDONDERR,NI-AnaRp,GB3DX ,,433.3000,DUP+,1.6000,FM,TSQL,110.9Hz,YES,Approximate,55.0,-7.4,0:00
1,UK_FM_UHF_Rpt,DIDCOT,SW-AnaRp,GB3DI ,,433.1500,DUP+,1.6000,FM,TSQL,118.8Hz,YES,Approximate,51.6,-1.3,0:00
1,UK_FM_UHF_Rpt,DOUGLAS  IOM,NOR-AnaRp,GB3IM ,,430.8250,DUP+,7.6000,FM,TSQL,110.9Hz,YES,Approximate,54.1,-4.5,0:00
1,UK_FM_UHF_Rpt,DOUGLAS  IOM,NOR-AnaRp,GB3IM ,,433.1250,DUP+,1.6000,FM,TSQL,110.9Hz,YES,Approximate,54.3,-4.5,0:00
1,UK_FM_UHF_Rpt,DUDLEY,MIDL-AnaRp,GB3RR ,,430.8500,DUP+,7.6000,FM,TSQL,67.0Hz,YES,Approximate,52.5,-2.0,0:00
1,UK_FM_UHF_Rpt,DUKINFIELD,NOR-AnaRp,GB3PZ ,,430.9000,DUP+,7.6000,FM,TSQL,82.5Hz,YES,Approximate,53.5,-2.1,0:00
1,UK_FM_UHF_Rpt,DUMBARTON,SCOT-AnaRp,GB3DM ,,430.9250,DUP+,7.6000,FM,TSQL,103.5Hz,YES,Approximate,56.0,-4.6,0:00
1,UK_FM_UHF_Rpt,DUNDEE,SCOT-AnaRp,GB3DD ,,433.2500,DUP+,1.6000,FM,TSQL,94.8Hz,YES,Approximate,56.5,-3.0,0:00
1,UK_FM_UHF_Rpt,DUNS,SCOT-AnaRp,GB3BE ,,430.8625,DUP+,7.6000,FM,TSQL,118.8Hz,YES,Approximate,55.8,-2.4,0:00
1,UK_FM_UHF_Rpt,EAST DEREHAM,SE-AnaRp,GB3AH ,,433.2750,DUP+,1.6000,FM,TSQL,94.8Hz,YES,Approximate,52.7,0.8,0:00
1,UK_FM_UHF_Rpt,EASTBOURNE,SE-AnaRp,GB3ZX ,,430.8250,DUP+,7.6000,FM,TSQL,88.5Hz,YES,Approximate,50.8,0.2,0:00
1,UK_FM_UHF_Rpt,EDINBURGH,SCOT-AnaRp,GB7EU  B,,430.8375,DUP+,7.6000,FM,TSQL,94.8Hz,YES,Approximate,55.9,-3.2,0:00
1,UK_FM_UHF_Rpt,EDINBURGH,SCOT-DsRp,GB3ED ,GB3ED ,433.3500,DUP+,1.6000,FM,TSQL,94.8Hz,YES,Approximate,55.9,-3.2,0:00
1,UK_FM_UHF_Rpt,ERITH,SE-AnaRp,GB3NK ,,433.1000,DUP+,1.6000,FM,TSQL,103.5Hz,YES,Approximate,51.5,0.2,0:00
1,UK_FM_UHF_Rpt,ERSKINE,SCOT-AnaRp,GB7EA  B,,439.3750,DUP-,9.0000,FM,TSQL,1.0Hz,YES,Approximate,55.9,-4.5,0:00
1,UK_FM_UHF_Rpt,FARNHAM,SW-AnaRp,GB3FN ,,433.3750,DUP+,1.6000,FM,TSQL,82.5Hz,YES,Approximate,51.2,-0.8,0:00
1,UK_FM_UHF_Rpt,FISHGUARD,WM-AnaRp,GB3UP ,,430.9125,DUP+,7.6000,FM,TSQL,94.8Hz,YES,Approximate,52.0,-5.0,0:00
1,UK_FM_UHF_Rpt,FORFAR,SCOT-DsRp,GB7AG  B,GB7AG  G,430.9000,DUP+,7.6000,FM,TSQL,94.8Hz,YES,Approximate,56.7,-2.9,0:00
1,UK_FM_UHF_Rpt,GIDEA PARK,SE-AnaRp,GB3HW ,,433.3250,DUP+,1.6000,FM,TSQL,110.9Hz,YES,Approximate,51.6,0.2,0:00
1,UK_FM_UHF_Rpt,GLASGOW,SCOT-AnaRp,GB3KW ,,430.8250,DUP+,7.6000,FM,TSQL,103.5Hz,YES,Approximate,55.9,-4.3,0:00
1,UK_FM_UHF_Rpt,GLASGOW,SCOT-AnaRp,GB3GL ,,430.9000,DUP+,7.6000,FM,TSQL,103.5Hz,YES,Approximate,55.8,-4.1,0:00
1,UK_FM_UHF_Rpt,GLENROTHES,SCOT-DsRp,GB7XG  B,GB7XG  G,430.8750,DUP+,7.6000,FM,TSQL,1.0Hz,YES,Approximate,56.2,-3.2,0:00
1,UK_FM_UHF_Rpt,GLOUCESTER,SW-AnaRp,GB3GH ,,433.1250,DUP+,1.6000,FM,TSQL,118.8Hz,YES,Approximate,51.9,-2.2,0:00
1,UK_FM_UHF_Rpt,GRANTHAM,MIDL-AnaRp,GB3GR ,,430.8500,DUP+,7.6000,FM,TSQL,71.9Hz,YES,Approximate,52.9,-0.6,0:00
1,UK_FM_UHF_Rpt,GREAT YARMOUTH,SE-AnaRp,GB3JS ,,433.0250,DUP+,1.6000,FM,TSQL,94.8Hz,YES,Approximate,52.6,1.7,0:00
1,UK_FM_UHF_Rpt,GUERNSEY,SW-AnaRp,GB3GU ,,433.3250,DUP+,1.6000,FM,TSQL,71.9Hz,YES,Approximate,49.5,-2.5,0:00
1,UK_FM_UHF_Rpt,GUILDFORD,SE-AnaRp,GB3GF ,,433.3000,DUP+,1.6000,FM,TSQL,88.5Hz,YES,Approximate,51.2,-0.6,0:00
1,UK_FM_UHF_Rpt,HARROGATE,NOR-AnaRp,GB3HJ ,,433.0250,DUP+,1.6000,FM,TSQL,118.8Hz,YES,Approximate,54.1,-1.7,0:00
1,UK_FM_UHF_Rpt,HARROW,SE-AnaRp,GB3HR ,,433.3500,DUP+,1.6000,FM,TSQL,82.5Hz,YES,Approximate,51.6,-0.4,0:00
1,UK_FM_UHF_Rpt,HASLINGDEN,NOR-AnaRp,GB3RO ,,430.8250,DUP+,7.6000,FM,TSQL,82.5Hz,YES,Approximate,53.7,-2.3,0:00
1,UK_FM_UHF_Rpt,HASTINGS,SE-AnaRp,GB3HE ,,430.9250,DUP+,7.6000,FM,TSQL,103.5Hz,YES,Approximate,50.9,0.6,0:00
1,UK_FM_UHF_Rpt,HASTINGS,SE-AnaRp,GB7ZE  B,,433.0500,DUP+,1.6000,FM,TSQL,3.0Hz,YES,Approximate,50.9,0.6,0:00
1,UK_FM_UHF_Rpt,HAYWARDS HEATH,SE-AnaRp,GB3HY ,,430.9000,DUP+,7.6000,FM,TSQL,88.5Hz,YES,Approximate,51.0,-0.1,0:00
1,UK_FM_UHF_Rpt,HEMEL HEMPSTEAD,SE-AnaRp,GB3BV ,,433.0250,DUP+,1.6000,FM,TSQL,82.5Hz,YES,Approximate,51.7,-0.4,0:00
1,UK_FM_UHF_Rpt,HEREFORD,WM-AnaRp,GB3HC ,,433.1500,DUP+,1.6000,FM,TSQL,118.8Hz,YES,Approximate,52.1,-2.7,0:00
1,UK_FM_UHF_Rpt,HINCKLEY,MIDL-AnaRp,GB3HT ,,433.2750,DUP+,1.6000,FM,TSQL,77.0Hz,YES,Approximate,52.5,-1.4,0:00
1,UK_FM_UHF_Rpt,HITCHIN,SE-AnaRp,GB7SV  B,,433.2750,DUP+,1.6000,FM,TSQL,82.5Hz,YES,Approximate,51.9,-0.3,0:00
1,UK_FM_UHF_Rpt,HORSHAM,SE-AnaRp,GB3HO ,,430.8875,DUP+,7.6000,FM,TSQL,88.5Hz,YES,Approximate,51.0,-0.4,0:00
1,UK_FM_UHF_Rpt,HOVE,SE-AnaRp,GB3BR ,,430.8125,DUP+,7.6000,FM,TSQL,88.5Hz,YES,Approximate,50.8,-0.2,0:00
1,UK_FM_UHF_Rpt,HUCKNALL,MIDL-DsRp,GB7NV  B,GB7NV  G,430.8250,DUP+,7.6000,FM,TSQL,1.0Hz,YES,Approximate,53.1,-1.2,0:00
1,UK_FM_UHF_Rpt,HUDDERSFIELD,NOR-AnaRp,GB3HD ,,433.2250,DUP+,1.6000,FM,TSQL,82.5Hz,YES,Approximate,53.6,-1.9,0:00
1,UK_FM_UHF_Rpt,HULL,NOR-AnaRp,GB3NY ,,430.8375,DUP+,7.6000,FM,TSQL,88.5Hz,YES,Approximate,53.8,-0.6,0:00
1,UK_FM_UHF_Rpt,IPSWICH,SE-AnaRp,GB3IH ,,433.1000,DUP+,1.6000,FM,TSQL,110.9Hz,YES,Approximate,52.1,1.2,0:00
1,UK_FM_UHF_Rpt,IPSWICH,SE-AnaRp,GB3DE ,,433.1750,DUP+,1.6000,FM,TSQL,110.9Hz,YES,Approximate,52.2,1.1,0:00
1,UK_FM_UHF_Rpt,ISLE OF SOUTH UI,SCOT-DsRp,GB3IS ,GB3IS ,430.8875,DUP+,7.6000,FM,TSQL,94.8Hz,YES,Approximate,57.1,-7.3,0:00
1,UK_FM_UHF_Rpt,KENDAL,NOR-AnaRp,GB3LF ,,433.3500,DUP+,1.6000,FM,TSQL,110.9Hz,YES,Approximate,54.3,-2.7,0:00
1,UK_FM_UHF_Rpt,KIDDERMINSTER,WM-AnaRp,GB3KA ,,430.8875,DUP+,7.6000,FM,TSQL,118.8Hz,YES,Approximate,52.4,-2.3,0:00
1,UK_FM_UHF_Rpt,KILSYTH,SCOT-AnaRp,GB3KV ,,430.9750,DUP+,7.6000,FM,TSQL,103.5Hz,YES,Approximate,56.0,-4.0,0:00
1,UK_FM_UHF_Rpt,KINGS LYNN,SE-AnaRp,GB3KL ,,433.1000,DUP+,1.6000,FM,TSQL,94.8Hz,YES,Approximate,52.7,0.4,0:00
1,UK_FM_UHF_Rpt,KIRKBY LONSDALE,NOR-AnaRp,GB7KL  B,,430.8750,DUP+,7.6000,FM,TSQL,110.9Hz,YES,Approximate,54.2,-2.6,0:00
1,UK_FM_UHF_Rpt,KIRKCALDY,SCOT-DsRp,GB7KY  B,GB7KY  G,439.6500,DUP-,9.0000,FM,TSQL,1.0Hz,YES,Approximate,56.1,-3.2,0:00
1,UK_FM_UHF_Rpt,LAPFORD,SW-AnaRp,GB7LZ  B,,430.9125,DUP+,7.6000,FM,TSQL,77.0Hz,YES,Approximate,50.9,-3.8,0:00
1,UK_FM_UHF_Rpt,LARGS,SCOT-AnaRp,GB7AC  B,,430.9500,DUP+,7.6000,FM,TSQL,3.0Hz,YES,Approximate,55.8,-4.9,0:00
1,UK_FM_UHF_Rpt,LEAMINGTON SPA,MIDL-AnaRp,GB3MW ,,433.2500,DUP+,1.6000,FM,TSQL,67.0Hz,YES,Approximate,52.3,-1.5,0:00
1,UK_FM_UHF_Rpt,LEASOWE,NOR-AnaRp,GB3MC ,,439.3375,DUP-,9.0000,FM,TSQL,110.9Hz,YES,Approximate,53.4,-3.1,0:00
1,UK_FM_UHF_Rpt,LEICESTER,MIDL-AnaRp,GB3LN ,,430.9250,DUP+,7.6000,FM,TSQL,118.8Hz,YES,Approximate,52.6,-1.2,0:00
1,UK_FM_UHF_Rpt,LEIGH,NOR-AnaRp,GB7HN  B,,430.8750,DUP+,7.6000,FM,TSQL,82.5Hz,YES,Approximate,53.5,-2.5,0:00
1,UK_FM_UHF_Rpt,LEOMINISTER,WM-AnaRp,GB3JM ,,430.8750,DUP+,7.6000,FM,TSQL,118.8Hz,YES,Approximate,52.3,-2.7,0:00
1,UK_FM_UHF_Rpt,LINCOLN,MIDL-AnaRp,GB3LS ,,433.0500,DUP+,1.6000,FM,TSQL,71.9Hz,YES,Approximate,53.2,-0.5,0:00
1,UK_FM_UHF_Rpt,LINLITHGOW,SCOT-DsRp,GB3OH ,GB3OH ,430.9500,DUP+,7.6000,FM,TSQL,94.8Hz,YES,Approximate,56.0,-3.6,0:00
1,UK_FM_UHF_Rpt,LISKEARD,SW-AnaRp,GB3CH ,,430.8750,DUP+,7.6000,FM,TSQL,77.0Hz,YES,Approximate,50.5,-4.4,0:00
1,UK_FM_UHF_Rpt,LIVERPOOL,NOR-AnaRp,GB3LI ,,433.2500,DUP+,1.6000,FM,TSQL,82.5Hz,YES,Approximate,53.5,-3.0,0:00
1,UK_FM_UHF_Rpt,LLANDUDNO,WM-AnaRp,GB3OR ,,430.8375,DUP+,7.6000,FM,TSQL,103.5Hz,YES,Approximate,53.3,-3.9,0:00
1,UK_FM_UHF_Rpt,LLANFAIR CAEREIN,WM-AnaRp,GB3MD ,,430.9625,DUP+,7.6000,FM,TSQL,103.5Hz,YES,Approximate,52.6,-3.5,0:00
1,UK_FM_UHF_Rpt,LLANGOLLEN,WM-AnaRp,GB3LL ,,433.0000,DUP+,1.6000,FM,TSQL,94.8Hz,YES,Approximate,53.0,-3.1,0:00
1,UK_FM_UHF_Rpt,LOCHMADDY,SCOT-DsRp,GB7EI  B,GB7EI  G,430.8500,DUP+,7.6000,FM,TSQL,88.5Hz,YES,Approximate,57.6,-7.3,0:00
1,UK_FM_UHF_Rpt,LONGBRIDGE,MIDL-AnaRp,GB3WM ,,433.0500,DUP+,1.6000,FM,TSQL,67.0Hz,YES,Approximate,52.4,-2.0,0:00
1,UK_FM_UHF_Rpt,LOUTH,MIDL-AnaRp,GB3LC ,,430.9375,DUP+,7.6000,FM,TSQL,71.9Hz,YES,Approximate,53.3,-0.1,0:00
1,UK_FM_UHF_Rpt,LOWESTOFT,SE-AnaRp,GB3YL ,,433.3500,DUP+,1.6000,FM,TSQL,94.8Hz,YES,Approximate,52.5,1.7,0:00
1,UK_FM_UHF_Rpt,LUDLOW,WM-AnaRp,GB3VN ,,430.9250,DUP+,7.6000,FM,TSQL,103.5Hz,YES,Approximate,52.4,-2.6,0:00
1,UK_FM_UHF_Rpt,LUDLOW,WM-AnaRp,GB3HN ,,433.0250,DUP+,1.6000,FM,TSQL,103.5Hz,YES,Approximate,52.4,-2.6,0:00
1,UK_FM_UHF_Rpt,LUTON,MIDL-AnaRp,GB3LT ,,433.2500,DUP+,1.6000,FM,TSQL,77.0Hz,YES,Approximate,51.9,-0.5,0:00
1,UK_FM_UHF_Rpt,MAGHERAFELT,NI-AnaRp,GB3MT ,,430.9000,DUP+,7.6000,FM,TSQL,110.9Hz,YES,Approximate,54.8,-6.6,0:00
1,UK_FM_UHF_Rpt,MAIDSTONE,SE-AnaRp,GB3RE ,,433.2750,DUP+,1.6000,FM,TSQL,103.5Hz,YES,Approximate,51.3,0.6,0:00
1,UK_FM_UHF_Rpt,MALTBY,NOR-AnaRp,GB3DV ,,433.0250,DUP+,1.6000,FM,TSQL,71.9Hz,YES,Approximate,53.4,-1.2,0:00
1,UK_FM_UHF_Rpt,MANSFIELD,MIDL-AnaRp,GB3EE ,,433.3000,DUP+,1.6000,FM,TSQL,71.9Hz,YES,Approximate,53.2,-1.2,0:00
1,UK_FM_UHF_Rpt,MANSFIELD,MIDL-AnaRp,GB3JR ,,430.9750,DUP+,7.6000,FM,TSQL,71.9Hz,YES,Approximate,53.1,-1.4,0:00
1,UK_FM_UHF_Rpt,MARGATE,SE-AnaRp,GB3EK ,,430.8875,DUP+,7.6000,FM,TSQL,103.5Hz,YES,Approximate,51.4,1.4,0:00
1,UK_FM_UHF_Rpt,MARKFIELD,MIDL-AnaRp,GB3LE ,,433.1000,DUP+,1.6000,FM,TSQL,77.0Hz,YES,Approximate,52.7,-1.3,0:00
1,UK_FM_UHF_Rpt,MILTON KEYNES,SW-AnaRp,GB3MK ,,433.0000,DUP+,1.6000,FM,TSQL,77.0Hz,YES,Approximate,52.0,-0.8,0:00
1,UK_FM_UHF_Rpt,MONIFIETH,SCOT-DsRp,GB7DM  B,GB7DM  G,439.7500,DUP-,9.0000,FM,TSQL,1.0Hz,YES,Approximate,56.5,-2.8,0:00
1,UK_FM_UHF_Rpt,NEWBURY,SW-AnaRp,GB7NT  B,,430.9250,DUP+,7.6000,FM,TSQL,118.8Hz,YES,Approximate,51.4,-1.3,0:00
1,UK_FM_UHF_Rpt,NEWBURY,SW-AnaRp,GB3AW ,,433.2500,DUP+,1.6000,FM,TSQL,71.9Hz,YES,Approximate,51.3,-1.4,0:00
1,UK_FM_UHF_Rpt,NEWCASTLE UPON T,NOR-AnaRp,GB3NT ,,433.0000,DUP+,1.6000,FM,TSQL,118.8Hz,YES,Approximate,54.9,-1.6,0:00
1,UK_FM_UHF_Rpt,NEWHAVEN,SE-AnaRp,GB3LR ,,430.8625,DUP+,7.6000,FM,TSQL,88.5Hz,YES,Approximate,50.8,0.1,0:00
1,UK_FM_UHF_Rpt,NEWTOWN POWYS,WM-AnaRp,GB3CW ,,433.1000,DUP+,1.6000,FM,TSQL,103.5Hz,YES,Approximate,52.5,-3.4,0:00
1,UK_FM_UHF_Rpt,NORTH LONDON,SE-AnaRp,GB3LV ,,433.0500,DUP+,1.6000,FM,TSQL,82.5Hz,YES,Approximate,51.7,-0.1,0:00
1,UK_FM_UHF_Rpt,NORTHAMPTON,MIDL-AnaRp,GB3NH ,,430.9500,DUP+,7.6000,FM,TSQL,77.0Hz,YES,Approximate,52.2,-0.9,0:00
1,UK_FM_UHF_Rpt,NORTHWICH,NOR-AnaRp,GB7SJ  B,,433.1750,DUP+,1.6000,FM,TSQL,103.5Hz,YES,Approximate,53.2,-2.5,0:00
1,UK_FM_UHF_Rpt,NORWICH,SE-AnaRp,GB3NR ,,433.0000,DUP+,1.6000,FM,TSQL,94.8Hz,YES,Approximate,52.6,1.3,0:00
1,UK_FM_UHF_Rpt,NOTTINGHAM,MIDL-AnaRp,GB3NM ,,433.1750,DUP+,1.6000,FM,TSQL,71.9Hz,YES,Approximate,53.0,-1.1,0:00
1,UK_FM_UHF_Rpt,NOTTINGHAM,MIDL-DsRp,GB3NU ,GB3NU ,439.3250,DUP-,9.0000,FM,TSQL,71.9Hz,YES,Approximate,53.0,-1.1,0:00
1,UK_FM_UHF_Rpt,NOTTINGHAM,MIDL-AnaRp,GB7FU  B,,430.8875,DUP+,7.6000,FM,TSQL,0.0Hz,YES,Approximate,53.0,-1.2,0:00
1,UK_FM_UHF_Rpt,OMAGH,NI-AnaRp,GB3OM ,,430.9500,DUP+,7.6000,FM,TSQL,1.0Hz,YES,Approximate,54.7,-7.2,0:00
1,UK_FM_UHF_Rpt,OTLEY,NOR-AnaRp,GB3WF ,,433.3500,DUP+,1.6000,FM,TSQL,82.5Hz,YES,Approximate,53.9,-1.7,0:00
1,UK_FM_UHF_Rpt,PEEL,NOR-AnaRp,GB3IM ,,430.8750,DUP+,7.6000,FM,TSQL,110.9Hz,YES,Approximate,54.2,-4.7,0:00
1,UK_FM_UHF_Rpt,PEMBROKE,WM-AnaRp,GB3SP ,,433.1000,DUP+,1.6000,FM,TSQL,94.8Hz,YES,Approximate,51.7,-4.8,0:00
1,UK_FM_UHF_Rpt,PERTH,SCOT-AnaRp,GB3PU ,,433.0000,DUP+,1.6000,FM,TSQL,94.8Hz,YES,Approximate,56.4,-3.5,0:00
1,UK_FM_UHF_Rpt,POLPERRO,SW-AnaRp,GB3DQ ,,430.9750,DUP+,7.6000,FM,TSQL,77.0Hz,YES,Approximate,50.3,-4.5,0:00
1,UK_FM_UHF_Rpt,POOLE,SW-AnaRp,GB7SZ  B,,430.9375,DUP+,7.6000,FM,TSQL,71.9Hz,YES,Approximate,50.7,-1.9,0:00
1,UK_FM_UHF_Rpt,PORT TALBOT,WM-AnaRp,GB3WG ,,430.8750,DUP+,7.6000,FM,TSQL,94.8Hz,YES,Approximate,51.6,-3.8,0:00
1,UK_FM_UHF_Rpt,PRESCOT,NOR-AnaRp,GB3PT ,,430.8625,DUP+,7.6000,FM,TSQL,94.8Hz,YES,Approximate,53.5,-2.9,0:00
1,UK_FM_UHF_Rpt,PRESTON,NOR-AnaRp,GB3PN ,,430.9500,DUP+,7.6000,FM,TSQL,82.5Hz,YES,Approximate,53.8,-2.7,0:00
1,UK_FM_UHF_Rpt,PRESTON,NOR-AnaRp,GB3PP ,,433.3750,DUP+,1.6000,FM,TSQL,82.5Hz,YES,Approximate,53.7,-2.6,0:00
1,UK_FM_UHF_Rpt,RAMSEY  IOM,NOR-AnaRp,GB3IM ,,430.8250,DUP+,7.6000,FM,TSQL,71.9Hz,YES,Approximate,54.4,-4.4,0:00
1,UK_FM_UHF_Rpt,READING,SW-AnaRp,GB3RU ,,433.2750,DUP+,1.6000,FM,TSQL,118.8Hz,YES,Approximate,51.5,-1.0,0:00
1,UK_FM_UHF_Rpt,ROCHE,SW-AnaRp,GB3HB ,,433.3750,DUP+,1.6000,FM,TSQL,77.0Hz,YES,Approximate,50.4,-4.8,0:00
1,UK_FM_UHF_Rpt,RUGBY,MIDL-AnaRp,GB3ME ,,433.1500,DUP+,1.6000,FM,TSQL,67.0Hz,YES,Approximate,52.4,-1.2,0:00
1,UK_FM_UHF_Rpt,RYE,SE-AnaRp,GB7RY  B,,430.9500,DUP+,7.6000,FM,TSQL,103.5Hz,YES,Approximate,51.0,0.6,0:00
1,UK_FM_UHF_Rpt,SHEFFIELD,NOR-AnaRp,GB7SH  B,,430.9625,DUP+,7.6000,FM,TSQL,71.9Hz,YES,Approximate,53.4,-1.4,0:00
1,UK_FM_UHF_Rpt,SHEFFIELD,NOR-AnaRp,GB3US ,,433.0000,DUP+,1.6000,FM,TSQL,103.5Hz,YES,Approximate,53.3,-1.5,0:00
1,UK_FM_UHF_Rpt,SHEFFIELD,NOR-AnaRp,GB3PM ,,430.9000,DUP+,7.6000,FM,TSQL,71.9Hz,YES,Approximate,53.4,-1.6,0:00
1,UK_FM_UHF_Rpt,SHEFFIELD,NOR-AnaRp,GB3AB ,,433.3750,DUP+,1.6000,FM,TSQL,82.5Hz,YES,Approximate,53.4,-1.5,0:00
1,UK_FM_UHF_Rpt,SHIPLEY,NOR-AnaRp,GB3XL ,,430.8875,DUP+,7.6000,FM,TSQL,82.5Hz,YES,Approximate,53.8,-1.8,0:00
1,UK_FM_UHF_Rpt,SHREWSBURY,WM-AnaRp,GB3LH ,,433.3750,DUP+,1.6000,FM,TSQL,103.5Hz,YES,Approximate,52.7,-2.8,0:00
1,UK_FM_UHF_Rpt,SILVERTON,SW-AnaRp,GB3EX ,,430.9500,DUP+,7.6000,FM,TSQL,77.0Hz,YES,Approximate,50.8,-3.5,0:00
1,UK_FM_UHF_Rpt,SKEGNESS,MIDL-AnaRp,GB3SR ,,430.9125,DUP+,7.6000,FM,TSQL,71.9Hz,YES,Approximate,53.1,0.2,0:00
1,UK_FM_UHF_Rpt,SOUTH NUTFIELD,SE-AnaRp,GB3IP ,,430.9750,DUP+,7.6000,FM,TSQL,82.5Hz,YES,Approximate,51.2,-0.2,0:00
1,UK_FM_UHF_Rpt,SOUTHAMPTON,SW-AnaRp,GB3SU ,,433.2000,DUP+,1.6000,FM,TSQL,71.9Hz,YES,Approximate,50.9,-1.3,0:00
1,UK_FM_UHF_Rpt,ST HELIER,SW-AnaRp,GB7GJ  B,,430.9000,DUP+,7.6000,FM,TSQL,88.5Hz,YES,Approximate,49.2,-2.1,0:00
1,UK_FM_UHF_Rpt,ST MONANS,SCOT-DsRp,GB7SM  B,GB7SM  G,439.5875,DUP-,9.0000,FM,TSQL,1.0Hz,YES,Approximate,56.2,-2.8,0:00
1,UK_FM_UHF_Rpt,ST NEOTS,MIDL-AnaRp,GB3OV ,,433.1250,DUP+,1.6000,FM,TSQL,94.8Hz,YES,Approximate,52.3,-0.2,0:00
1,UK_FM_UHF_Rpt,STAFFORD,MIDL-AnaRp,GB3ZI ,,430.9750,DUP+,7.6000,FM,TSQL,103.5Hz,YES,Approximate,52.8,-2.1,0:00
1,UK_FM_UHF_Rpt,STAINES UPON THA,SE-DsRp,GB3ML ,GB3ML ,430.9125,DUP+,7.6000,FM,TSQL,3.0Hz,YES,Approximate,51.4,-0.5,0:00
1,UK_FM_UHF_Rpt,STIRLING,SCOT-AnaRp,GB3FV ,,430.8125,DUP+,7.6000,FM,TSQL,88.5Hz,YES,Approximate,56.1,-3.9,0:00
1,UK_FM_UHF_Rpt,STOCKPORT,NOR-AnaRp,GB3MR ,,433.3500,DUP+,1.6000,FM,TSQL,82.5Hz,YES,Approximate,53.3,-2.0,0:00
1,UK_FM_UHF_Rpt,STOKE ON TRENT,MIDL-AnaRp,GB3ST ,,433.2250,DUP+,1.6000,FM,TSQL,103.5Hz,YES,Approximate,53.0,-2.1,0:00
1,UK_FM_UHF_Rpt,STOKE ON TRENT,MIDL-AnaRp,GB3SM ,,433.3250,DUP+,1.6000,FM,TSQL,103.5Hz,YES,Approximate,53.0,-1.9,0:00
1,UK_FM_UHF_Rpt,STOURBRIDGE,MIDL-AnaRp,GB3KC ,,430.9000,DUP+,7.6000,FM,TSQL,67.0Hz,YES,Approximate,52.4,-2.1,0:00
1,UK_FM_UHF_Rpt,STOURPORT ON SEV,WM-AnaRp,GB3KR ,,430.8125,DUP+,7.6000,FM,TSQL,118.8Hz,YES,Approximate,52.3,-2.3,0:00
1,UK_FM_UHF_Rpt,STROUD,SW-AnaRp,GB3SG ,,430.9125,DUP+,7.6000,FM,TSQL,118.8Hz,YES,Approximate,51.7,-2.2,0:00
1,UK_FM_UHF_Rpt,SUNDERLAND,NOR-AnaRp,GB3TS ,,433.1750,DUP+,1.6000,FM,TSQL,118.8Hz,YES,Approximate,54.9,-1.4,0:00
1,UK_FM_UHF_Rpt,SUTTON COLDFIELD,MIDL-AnaRp,GB3GB ,,439.3375,DUP-,9.0000,FM,TSQL,67.0Hz,YES,Approximate,52.5,-1.8,0:00
1,UK_FM_UHF_Rpt,SWINDON,SW-AnaRp,GB3TD ,,438.3875,DUP-,7.6000,FM,TSQL,118.8Hz,YES,Approximate,51.5,-1.7,0:00
1,UK_FM_UHF_Rpt,TAMWORTH,MIDL-AnaRp,GB3TH ,,433.3750,DUP+,1.6000,FM,TSQL,67.0Hz,YES,Approximate,52.6,-1.7,0:00
1,UK_FM_UHF_Rpt,TAUNTON,SW-AnaRp,GB3VS ,,433.0750,DUP+,1.6000,FM,TSQL,94.8Hz,YES,Approximate,51.0,-3.1,0:00
1,UK_FM_UHF_Rpt,TELFORD,WM-AnaRp,GB3TF ,,433.2000,DUP+,1.6000,FM,TSQL,103.5Hz,YES,Approximate,52.7,-2.5,0:00
1,UK_FM_UHF_Rpt,TORQUAY,SW-AnaRp,GB7TQ  B,,430.8875,DUP+,7.6000,FM,TSQL,94.8Hz,YES,Approximate,50.5,-3.5,0:00
1,UK_FM_UHF_Rpt,TOWCESTER,MIDL-AnaRp,GB3NP ,,430.8875,DUP+,7.6000,FM,TSQL,77.0Hz,YES,Approximate,52.2,-1.0,0:00
1,UK_FM_UHF_Rpt,TRING HERTS,SW-AnaRp,GB3TU ,,433.2250,DUP+,1.6000,FM,TSQL,77.0Hz,YES,Approximate,51.8,-0.7,0:00
1,UK_FM_UHF_Rpt,VENTNOR,SW-AnaRp,GB3IW ,,433.2250,DUP+,1.6000,FM,TSQL,71.9Hz,YES,Approximate,50.6,-1.2,0:00
1,UK_FM_UHF_Rpt,WAKEFIELD,NOR-AnaRp,GB3BW ,,430.8125,DUP+,7.6000,FM,TSQL,82.5Hz,YES,Approximate,53.6,-1.4,0:00
1,UK_FM_UHF_Rpt,WASHINGTON,NOR-DsRp,GB7GW  B,GB7GW  G,430.8125,DUP+,7.6000,FM,TSQL,10.0Hz,YES,Approximate,54.9,-1.5,0:00
1,UK_FM_UHF_Rpt,WELLS NORFOLK,SE-AnaRp,GB3NN ,,433.0500,DUP+,1.6000,FM,TSQL,94.8Hz,YES,Approximate,52.9,0.8,0:00
1,UK_FM_UHF_Rpt,WELWYN GARDEN CI,SE-AnaRp,GB3VH ,,433.3250,DUP+,1.6000,FM,TSQL,82.5Hz,YES,Approximate,51.8,-0.2,0:00
1,UK_FM_UHF_Rpt,WESTON-SUPER-MAR,SW-AnaRp,GB3WB ,,433.3000,DUP+,1.6000,FM,TSQL,94.8Hz,YES,Approximate,51.3,-3.0,0:00
1,UK_FM_UHF_Rpt,WEYMOUTH,SW-AnaRp,GB3SD ,,433.3500,DUP+,1.6000,FM,TSQL,71.9Hz,YES,Approximate,50.7,-2.5,0:00
1,UK_FM_UHF_Rpt,WEYMOUTH,SW-AnaRp,GB3PD ,,430.8500,DUP+,7.6000,FM,TSQL,0.0Hz,YES,Approximate,50.6,-2.4,0:00
1,UK_FM_UHF_Rpt,WHITEHAVEN,NOR-AnaRp,GB3WQ ,,430.8875,DUP+,7.6000,FM,TSQL,77.0Hz,YES,Approximate,54.5,-3.6,0:00
1,UK_FM_UHF_Rpt,WICKHAMBROOK,SE-AnaRp,GB3EZ ,,430.9750,DUP+,7.6000,FM,TSQL,110.9Hz,YES,Approximate,52.2,0.5,0:00
1,UK_FM_UHF_Rpt,WIGAN,NOR-AnaRp,GB3EG ,,430.9125,DUP+,7.6000,FM,TSQL,82.5Hz,YES,Approximate,53.6,-2.7,0:00
1,UK_FM_UHF_Rpt,WIGAN,NOR-AnaRp,GB7JL  B,,430.9625,DUP+,7.6000,FM,TSQL,82.5Hz,YES,Approximate,53.5,-2.6,0:00
1,UK_FM_UHF_Rpt,WIRKSWORTH,MIDL-AnaRp,GB3DY ,,433.2500,DUP+,1.6000,FM,TSQL,71.9Hz,YES,Approximate,53.1,-1.5,0:00
1,UK_FM_UHF_Rpt,WISBECH,SE-AnaRp,GB3WI ,,433.3750,DUP+,1.6000,FM,TSQL,94.8Hz,YES,Approximate,52.7,0.2,0:00
1,UK_FM_UHF_Rpt,WITHERNSEA,NOR-DsRp,GB3SO ,GB3SO ,433.0000,DUP+,1.6000,FM,TSQL,71.9Hz,YES,Approximate,53.7,0.0,0:00
1,UK_FM_UHF_Rpt,WOLVERHAMPTON,MIDL-AnaRp,GB3WN ,,438.3875,DUP-,7.6000,FM,TSQL,67.0Hz,YES,Approximate,52.6,-2.1,0:00
1,UK_FM_UHF_Rpt,WOLVERHAMPTON,MIDL-AnaRp,GB3IC ,,433.1250,DUP+,1.6000,FM,TSQL,67.0Hz,YES,Approximate,52.6,-2.1,0:00
1,UK_FM_UHF_Rpt,WORCESTER,WM-AnaRp,GB3WU ,,430.8250,DUP+,7.6000,FM,TSQL,118.8Hz,YES,Approximate,52.2,-2.2,0:00
1,UK_FM_UHF_Rpt,WORKSOP,MIDL-AnaRp,GB3XN ,,430.9250,DUP+,7.6000,FM,TSQL,71.9Hz,YES,Approximate,53.4,-1.1,0:00
1,UK_FM_UHF_Rpt,WORKSOP,MIDL-AnaRp,GB3DS ,,433.3250,DUP+,1.6000,FM,TSQL,71.9Hz,YES,Approximate,53.3,-1.1,0:00
1,UK_FM_UHF_Rpt,WORTHING,SE-AnaRp,GB3WO ,,430.9750,DUP+,7.6000,FM,TSQL,88.5Hz,YES,Approximate,50.8,-0.4,0:00
1,UK_FM_UHF_Rpt,WREXHAM,WM-AnaRp,GB3UO ,,430.9500,DUP+,7.6000,FM,TSQL,110.9Hz,YES,Approximate,53.0,-3.1,0:00
1,UK_FM_UHF_Rpt,WREXHAM,WM-AnaRp,GB7WH  B,,439.3750,DUP-,9.0000,FM,TSQL,110.9Hz,YES,Approximate,53.1,-3.0,0:00
1,UK_FM_UHF_Rpt,WYMONDHAM,SE-AnaRp,GB3VW ,,430.8125,DUP+,7.6000,FM,TSQL,82.5Hz,YES,Approximate,52.6,1.1,0:00
1,UK_FM_UHF_Rpt,WYTHALL,MIDL-DsRp,GB3WL ,GB3WL ,430.9500,DUP+,7.6000,FM,TSQL,67.0Hz,YES,Approximate,52.4,-1.9,0:00
1,UK_FM_UHF_Rpt,YORK,NOR-AnaRp,GB3CY ,,430.8625,DUP+,7.6000,FM,TSQL,88.5Hz,YES,Approximate,53.9,-1.2,0:00
